Auction Title ,Auction Id,Department ,Close Date ,Winning Bid ,CC Fee,Fee Percent,Auction Fee Subtotal,Auction Fee Total,Pay Status ,Paid Date ,Asset #,Inventory ID,Decal /Vehicle ID,VTR Number,Receipt Number ,Cap,Expenses,Net Sales,Fund,Business Unit
Dell Laptop w/Bag,79519,ITS,11/26/2013,$78.51 ,$1.81 ,0.23,$18.05 ,$18.05 ,Successful,1/3/2014,,74576,,,3603198592,"$3,000 ",$0.00 ,$60.45 ,General Fund,0
"4 Asanti 24"" Chrome Rims",79539,DRUG TASK FORCE,11/27/2013,"$2,000.00 ",$0.00 ,0.23,$460.00 ,$460.00 ,Successful,1/2/2014,,TF-311-057,,,Cashiers Check,"$3,000 ",$0.00 ,"$1,540.00 ",Enterprise,0
10Kt Yellow Gold Rope Chain,79577,DRUG TASK FORCE,12/4/2013,$815.00 ,$0.00 ,0.23,$187.45 ,$187.45 ,Successful,1/8/2014,,TF-310-007A,,,Money Order,"$3,000 ",$0.00 ,$627.55 ,Enterprise,0
Men's Diamond Watch,79589,DRUG TASK FORCE,12/11/2013,$460.00 ,$10.58 ,0.23,$105.80 ,$105.80 ,Successful,1/13/2014,,TF-310-023,,,3603880864,"$3,000 ",$0.00 ,$354.20 ,Enterprise,0
Coach Purse,79618,DRUG TASK FORCE,12/2/2013,$29.00 ,$0.67 ,0.23,$6.67 ,$6.67 ,Successful,1/2/2014,,TF-311-036Y,,,3603060937,"$3,000 ",$0.00 ,$22.33 ,Enterprise,0
1994 Pontiac Firebird,79630,POLICE STATE DRUG FUND,12/5/2013,$568.00 ,$0.00 ,0.23,$130.64 ,$130.64 ,Successful,1/7/2014,,,,1038757,Money Order,"$3,000 ",$105.00 ,$332.36 ,Enterprise,0
Wheel Chair Lift,79662,SCHOOL BOARD WAREHOUSE,12/4/2013,$158.99 ,$3.66 ,0.23,$36.56 ,$36.56 ,Successful,1/13/2014,,SBS-6182,,,3603868643,"$3,000 ",$0.00 ,$122.42 ,Enterprise,0
1 Pallet of Assorted Tires,79667,SCHOOL BOARD WAREHOUSE,12/4/2013,$106.00 ,$2.44 ,0.23,$24.38 ,$24.38 ,Successful,1/6/2014,,SBS-6170D,,,3603354629,"$3,000 ",$0.00 ,$81.62 ,Enterprise,0
3 Catalytic Converters,79706,OFM,12/5/2013,$125.01 ,$0.00 ,0.23,$28.75 ,$28.75 ,Successful,1/7/2014,,OFM-75625A,,,Money Order,"$3,000 ",$0.00 ,$96.25 ,Enterprise,0
Ladies Sunglasses,79730,DRUG TASK FORCE,12/10/2013,$77.00 ,$1.77 ,0.23,$17.71 ,$17.71 ,Successful,1/2/2014,,TF-311-056J,,,3603081450,"$3,000 ",$0.00 ,$59.29 ,Enterprise,0
Ladies Sunglasses,79733,DRUG TASK FORCE,12/11/2013,$62.00 ,$0.00 ,0.23,$14.26 ,$14.26 ,Successful,1/21/2014,,TF-311-056M,,,Money Order,"$3,000 ",$0.00 ,$47.74 ,Enterprise,0
Ladies Sunglasses,79736,DRUG TASK FORCE,12/16/2013,$145.00 ,$0.00 ,0.23,$33.35 ,$33.35 ,Successful,1/2/2014,,TF-311-056P,,,Cashiers Check,"$3,000 ",$0.00 ,$111.65 ,Enterprise,0
Ladies Sunglasses,79737,DRUG TASK FORCE,12/17/2013,$29.00 ,$0.00 ,0.23,$6.67 ,$6.67 ,Successful,1/2/2014,,TF-311-056Q,,,Cashiers Check,"$3,000 ",$0.00 ,$22.33 ,Enterprise,0
Ladies Sunglasses,79743,DRUG TASK FORCE,12/18/2013,$80.00 ,$0.00 ,0.23,$18.40 ,$18.40 ,Successful,1/2/2014,,TF-311-056S,,,Cashiers Check,"$3,000 ",$0.00 ,$61.60 ,Enterprise,0
Sunglasses,79745,DRUG TASK FORCE,12/18/2013,$258.00 ,$0.00 ,0.23,$59.34 ,$59.34 ,Successful,1/2/2014,,TF-311-056T,,,Cashiers Check,"$3,000 ",$0.00 ,$198.66 ,Enterprise,0
Southbend Fryer,79759,SCHOOL BOARD WAREHOUSE,12/11/2013,$258.00 ,$0.00 ,0.23,$59.34 ,$59.34 ,Successful,1/21/2014,,SBS-6120,,,Money Order,"$3,000 ",$0.00 ,$198.66 ,Enterprise,0
Desk,79762,PARKS,12/11/2013,$8.00 ,$0.18 ,0.23,$1.84 ,$1.84 ,Successful,1/14/2014,,73776,,,3603986157,"$3,000 ",$0.00 ,$6.16 ,General Fund,0
3 File Cabinets,79765,PUBLIC DEFENDER,12/12/2013,$33.11 ,$0.76 ,0.23,$7.61 ,$7.61 ,Successful,1/15/2014,,"74820, 74821, 74822",,,3604097208,"$3,000 ",$0.00 ,$25.49 ,General Fund,0
2 Care Play Easels,79792,SURPLUS WAREHOUSE,12/16/2013,$65.00 ,$1.50 ,0.23,$14.95 ,$14.95 ,Successful,1/14/2014,,74836,,,3603946008,"$3,000 ",$0.00 ,$50.05 ,General Fund,0
Hammond Organ w/Bench,79799,SURPLUS WAREHOUSE,12/16/2013,$62.78 ,$1.44 ,0.23,$14.43 ,$14.43 ,Successful,1/14/2014,,75582,,,3603986174,"$3,000 ",$0.00 ,$48.34 ,General Fund,0
"3 Sony 20"" Televisions",79800,SURPLUS WAREHOUSE,12/16/2013,$2.00 ,$0.05 ,0.23,$0.46 ,$0.46 ,Successful,1/14/2014,,75580,,,3603986210,"$3,000 ",$0.00 ,$1.54 ,General Fund,0
"Dell 17"" Flat Screen Monitor",79824,SHERIFF,12/16/2013,$27.00 ,$0.00 ,0.23,$6.21 ,$6.21 ,Successful,1/2/2014,,69789,,,Money Order,"$3,000 ",$0.00 ,$20.79 ,General Fund,0
Clear Modem,79846,POLICE STATE FELONY FORFEITURE,12/17/2013,$16.00 ,$0.37 ,0.23,$3.68 ,$3.68 ,Successful,1/22/2014,,PSFF-34-067,,,3604575676,"$3,000 ",$0.00 ,$12.32 ,Enterprise,0
7 Stereo Headsets for iPhone,79847,POLICE STATE FELONY FORFEITURE,12/17/2013,$36.00 ,$0.83 ,0.23,$8.28 ,$8.28 ,Successful,1/23/2014,,PSFF-34-054A,,,3604637978,"$3,000 ",$0.00 ,$27.72 ,Enterprise,0
11 Apple Dock Connectors to USB,79848,POLICE STATE FELONY FORFEITURE,12/17/2013,$25.00 ,$0.58 ,0.23,$5.75 ,$5.75 ,Successful,1/22/2014,,PSFF-34-054B,,,3604575687,"$3,000 ",$0.00 ,$19.25 ,Enterprise,0
11 Apple Dock Connectors to USB,79849,POLICE STATE FELONY FORFEITURE,12/17/2013,$38.00 ,$0.00 ,0.23,$8.74 ,$8.74 ,Successful,1/2/2014,,PSFF-34-054C,,,Money Order,"$3,000 ",$0.00 ,$29.26 ,Enterprise,0
5 USB 2.0 Dock Connectors to USB for iPhone,79850,POLICE STATE FELONY FORFEITURE,12/17/2013,$17.00 ,$0.39 ,0.23,$3.91 ,$3.91 ,Successful,1/15/2014,,PSFF-34-054D,,,3604084399,"$3,000 ",$0.00 ,$13.09 ,Enterprise,0
8 Dock Connectors to USB for iPhone,79851,POLICE STATE FELONY FORFEITURE,12/17/2013,$20.56 ,$0.47 ,0.23,$4.72 ,$4.72 ,Successful,1/16/2014,,PSFF-34-054E,,,3604173065,"$3,000 ",$0.00 ,$15.83 ,Enterprise,0
8 Dock Connectors to USB for iPhone,79852,POLICE STATE FELONY FORFEITURE,12/17/2013,$20.51 ,$0.47 ,0.23,$4.71 ,$4.71 ,Successful,1/16/2014,,PSFF-34-054F,,,3604173080,"$3,000 ",$0.00 ,$15.79 ,Enterprise,0
9 Cell Phone Batteries,79859,POLICE STATE FELONY FORFEITURE,12/17/2013,$24.00 ,$0.55 ,0.23,$5.52 ,$5.52 ,Successful,1/16/2014,,PSFF-34-057C,,,3604199050,"$3,000 ",$0.00 ,$18.48 ,Enterprise,0
13 Cube Stereo Hands Free Adaptors,79860,POLICE STATE FELONY FORFEITURE,12/17/2013,$22.01 ,$0.51 ,0.23,$5.06 ,$5.06 ,Successful,1/6/2014,,PSFF-34-057D,,,3603313691,"$3,000 ",$0.00 ,$16.94 ,Enterprise,0
2 Gevey Sim Cards,79865,POLICE STATE FELONY FORFEITURE,12/17/2013,$4.50 ,$0.10 ,0.23,$1.03 ,$1.03 ,Successful,1/22/2014,,PSFF-24-057I,,,3604575703,"$3,000 ",$0.00 ,$3.46 ,Enterprise,0
Sharp Cash Register w/Pin Identifier Unit,79866,POLICE STATE FELONY FORFEITURE,12/17/2013,$20.01 ,$0.46 ,0.23,$4.60 ,$4.60 ,Successful,1/22/2014,,PSFF-34-101,,,3604575709,"$3,000 ",$0.00 ,$15.40 ,Enterprise,0
Dell Laptop,79874,ITS,12/18/2013,$75.00 ,$1.72 ,0.23,$17.25 ,$17.25 ,Successful,1/16/2014,,75417,,,3604211088,"$3,000 ",$0.00 ,$57.75 ,General Fund,0
Dell Laptop,79876,ITS,12/18/2013,$73.00 ,$1.68 ,0.23,$16.79 ,$16.79 ,Successful,1/6/2014,,75413,,,3603336103,"$3,000 ",$0.00 ,$56.21 ,General Fund,0
Dell Laptop,79881,ITS,12/18/2013,$65.00 ,$1.50 ,0.23,$14.95 ,$14.95 ,Successful,1/16/2014,,75433,,,3604173117,"$3,000 ",$0.00 ,$50.05 ,General Fund,0
Dell Computer System,79883,ITS,12/18/2013,$73.51 ,$0.00 ,0.23,$16.90 ,$16.90 ,Successful,1/2/2014,,"75244, 75572",,,Money Order,"$3,000 ",$0.00 ,$56.60 ,General Fund,0
Dell Computer System,79885,ITS,12/18/2013,$63.51 ,$0.00 ,0.23,$14.60 ,$14.60 ,Successful,1/2/2014,,"75237, 75305",,,Money Order,"$3,000 ",$0.00 ,$48.90 ,General Fund,0
8 Chairs,79895,NASHVILLE CONVENTION CTR,12/18/2013,$84.05 ,$0.00 ,0.23,$19.33 ,$19.33 ,Successful,1/2/2014,,NCC-74912,,,Money Order,"$3,000 ",$0.00 ,$64.71 ,Enterprise,0
7 Rugs,79900,METRO ACTION,12/18/2013,$155.00 ,$3.56 ,0.23,$35.65 ,$35.65 ,Successful,1/16/2014,,MAC-74141D,,,3604156925,"$3,000 ",$0.00 ,$119.35 ,Enterprise,0
1974 Cadillac Eldorado Convertible,79910,DRUG TASK FORCE,12/17/2013,$410.00 ,$9.43 ,0.23,$94.30 ,$94.30 ,Successful,1/15/2014,,TF-311-071,,1033884,3604098125,"$3,000 ",$95.00 ,$220.70 ,Enterprise,0
Storage Cabinet,79912,SCHOOL BOARD WAREHOUSE,1/6/2014,$62.00 ,$1.43 ,0.23,$14.26 ,$14.26 ,Successful,1/8/2014,,SBS-6210,,,3603475402,"$3,000 ",$0.00 ,$47.74 ,Enterprise,0
Winston Warmer,79913,SCHOOL BOARD WAREHOUSE,1/6/2014,$50.00 ,$0.00 ,0.23,$11.50 ,$11.50 ,Successful,1/9/2014,,SBS-6217,,,Money Order,"$3,000 ",$0.00 ,$38.50 ,Enterprise,0
2 Vollrath Warming Cabinets,79914,SCHOOL BOARD WAREHOUSE,1/6/2014,$125.00 ,$2.88 ,0.23,$28.75 ,$28.75 ,Successful,1/10/2014,,SBS-6212,,,3603744332,"$3,000 ",$0.00 ,$96.25 ,Enterprise,0
Hobart 512 TMS Slicer,79915,SCHOOL BOARD WAREHOUSE,1/6/2014,$126.99 ,$0.00 ,0.23,$29.20 ,$29.20 ,Successful,1/13/2014,,SBS-6205,,,Cashiers Check,"$3,000 ",$0.00 ,$97.78 ,Enterprise,0
Hobart 512 Slicer,79918,SCHOOL BOARD WAREHOUSE,1/6/2014,$98.99 ,$2.28 ,0.23,$22.76 ,$22.76 ,Successful,1/6/2014,,SBS-6204B,,,3603314944,"$3,000 ",$0.00 ,$76.22 ,Enterprise,0
Hobart 512 TMS Slicer,79919,SCHOOL BOARD WAREHOUSE,1/6/2014,$79.99 ,$1.84 ,0.23,$18.39 ,$18.39 ,Successful,1/6/2014,,SBS-6204C,,,3603314951,"$3,000 ",$0.00 ,$61.59 ,Enterprise,0
Hobart 512 TMS Slicer,79920,SCHOOL BOARD WAREHOUSE,1/6/2014,$34.00 ,$0.00 ,0.23,$7.82 ,$7.82 ,Successful,1/8/2014,,SBS-6204D,,,Cashiers Check,"$3,000 ",$0.00 ,$26.18 ,Enterprise,0
Hobart 410 Slicer,79921,SCHOOL BOARD WAREHOUSE,1/6/2014,$16.00 ,$0.00 ,0.23,$3.68 ,$3.68 ,Successful,1/8/2014,,SBS-6204E,,,Money Order,"$3,000 ",$0.00 ,$12.32 ,Enterprise,0
Assorted Kitchen Ware,79922,SCHOOL BOARD WAREHOUSE,1/6/2014,$81.27 ,$1.87 ,0.23,$18.69 ,$18.69 ,Successful,1/8/2014,,SBS-6215A,,,3603497119,"$3,000 ",$0.00 ,$62.57 ,Enterprise,0
Assorted Kitchen Ware,79924,SCHOOL BOARD WAREHOUSE,1/6/2014,$377.00 ,$0.00 ,0.23,$86.71 ,$86.71 ,Successful,1/13/2014,,SBS-6215C,,,Money Order,"$3,000 ",$0.00 ,$290.29 ,Enterprise,0
Kitchen Items,79925,SCHOOL BOARD WAREHOUSE,1/6/2014,$33.00 ,$0.76 ,0.23,$7.59 ,$7.59 ,Successful,1/22/2014,,SBS-6215D,,,3604564037,"$3,000 ",$0.00 ,$25.41 ,Enterprise,0
Kitchen Items,79926,SCHOOL BOARD WAREHOUSE,1/6/2014,$11.00 ,$0.25 ,0.23,$2.53 ,$2.53 ,Successful,1/22/2014,,SBS-6215E,,,3604564050,"$3,000 ",$0.00 ,$8.47 ,Enterprise,0
Kitchen Ware,79928,SCHOOL BOARD WAREHOUSE,1/6/2014,$243.99 ,$5.61 ,0.23,$56.11 ,$56.11 ,Successful,1/10/2014,,SBS-6215G,,,3603708376,"$3,000 ",$0.00 ,$187.87 ,Enterprise,0
2 Storage Bins,79929,SCHOOL BOARD WAREHOUSE,1/6/2014,$111.99 ,$2.58 ,0.23,$25.75 ,$25.75 ,Successful,1/8/2014,,SBS-6211,,,3603497134,"$3,000 ",$0.00 ,$86.23 ,Enterprise,0
Table,79930,SCHOOL BOARD WAREHOUSE,1/6/2014,$111.00 ,$2.55 ,0.23,$25.53 ,$25.53 ,Successful,1/10/2014,,SBS-6207A,,,3603744565,"$3,000 ",$0.00 ,$85.47 ,Enterprise,0
Table,79931,SCHOOL BOARD WAREHOUSE,1/6/2014,$111.00 ,$2.55 ,0.23,$25.53 ,$25.53 ,Successful,1/10/2014,,SBS-6207B,,,3603744759,"$3,000 ",$0.00 ,$85.47 ,Enterprise,0
Pressure Washer,79932,SCHOOL BOARD WAREHOUSE,1/6/2014,$105.99 ,$2.44 ,0.23,$24.37 ,$24.37 ,Successful,1/8/2014,,SBS-6216,,,3603467837,"$3,000 ",$0.00 ,$81.61 ,Enterprise,0
Cash Register,79934,SCHOOL BOARD WAREHOUSE,1/6/2014,$5.01 ,$0.12 ,0.23,$1.15 ,$1.15 ,Successful,1/14/2014,,SBS-6201,,,3603986223,"$3,000 ",$0.00 ,$3.85 ,Enterprise,0
Cash Register,79935,SCHOOL BOARD WAREHOUSE,1/6/2014,$5.01 ,$0.12 ,0.23,$1.15 ,$1.15 ,Successful,1/14/2014,,SBS-6202,,,3603986234,"$3,000 ",$0.00 ,$3.85 ,Enterprise,0
Cash Register,79936,SCHOOL BOARD WAREHOUSE,1/6/2014,$5.01 ,$0.12 ,0.23,$1.15 ,$1.15 ,Successful,1/14/2014,,SBS-6203,,,3603986251,"$3,000 ",$0.00 ,$3.85 ,Enterprise,0
Cash Register,79937,SCHOOL BOARD WAREHOUSE,1/6/2014,$6.00 ,$0.14 ,0.23,$1.38 ,$1.38 ,Successful,1/14/2014,,SBS-6200,,,3603986272,"$3,000 ",$0.00 ,$4.62 ,Enterprise,0
Milk Cooler,79938,SCHOOL BOARD WAREHOUSE,1/6/2014,$53.10 ,$1.22 ,0.23,$12.21 ,$12.21 ,Successful,1/9/2014,,SBS-6198,,,3603568496,"$3,000 ",$0.00 ,$40.88 ,Enterprise,0
Table w/3-Drawers,79939,SCHOOL BOARD WAREHOUSE,1/6/2014,$363.00 ,$8.35 ,0.23,$83.49 ,$83.49 ,Successful,1/8/2014,,SBS-6208,,,3603497149,"$3,000 ",$0.00 ,$279.51 ,Enterprise,0
Desk,79940,SCHOOL BOARD WAREHOUSE,1/6/2014,$52.00 ,$1.20 ,0.23,$11.96 ,$11.96 ,Successful,1/9/2014,,SBS-6199,,,3603595300,"$3,000 ",$0.00 ,$40.04 ,Enterprise,0
2 Rolling Carts,79941,SCHOOL BOARD WAREHOUSE,1/6/2014,$75.01 ,$1.73 ,0.23,$17.25 ,$17.25 ,Successful,1/12/2014,,SBS-6191,,,3603817315,"$3,000 ",$0.00 ,$57.75 ,Enterprise,0
Sony VCR & DVD Players,79942,SCHOOL BOARD WAREHOUSE,1/6/2014,$52.00 ,$1.20 ,0.23,$11.96 ,$11.96 ,Successful,1/8/2014,,SBS-6188A,,,3603495658,"$3,000 ",$0.00 ,$40.04 ,Enterprise,0
DVD & VCR,79943,SCHOOL BOARD WAREHOUSE,1/6/2014,$29.01 ,$0.67 ,0.23,$6.67 ,$6.67 ,Successful,1/8/2014,,SBS-6188B,,,3603495677,"$3,000 ",$0.00 ,$22.33 ,Enterprise,0
Compact Refrigerator,79944,SCHOOL BOARD WAREHOUSE,1/6/2014,$8.00 ,$0.18 ,0.23,$1.84 ,$1.84 ,Successful,1/13/2014,,SBS-6193,,,3603943095,"$3,000 ",$0.00 ,$6.16 ,Enterprise,0
Cabinet,79945,NASHVILLE CONVENTION CTR,1/7/2014,$7.00 ,$0.16 ,0.23,$1.61 ,$1.61 ,Successful,1/8/2014,,NCC-75595,,,3603483230,"$3,000 ",$0.00 ,$5.39 ,Enterprise,0
FWC Warmer,79946,NASHVILLE CONVENTION CTR,1/7/2014,$41.99 ,$0.00 ,0.23,$9.65 ,$9.65 ,Successful,1/9/2014,,NCC-75671,,,Money Order,"$3,000 ",$0.00 ,$32.33 ,Enterprise,0
True Cooler,79947,NASHVILLE CONVENTION CTR,1/7/2014,$160.75 ,$3.70 ,0.23,$36.97 ,$36.97 ,Successful,1/8/2014,,NCC-75723,,,3603497374,"$3,000 ",$0.00 ,$123.77 ,Enterprise,0
Amana Commercial Microwave,79948,NASHVILLE CONVENTION CTR,1/7/2014,$27.00 ,$0.62 ,0.23,$6.21 ,$6.21 ,Successful,1/8/2014,,NCC-75727,,,3603497396,"$3,000 ",$0.00 ,$20.79 ,Enterprise,0
Eagle Stainless Steel Table,79949,NASHVILLE CONVENTION CTR,1/7/2014,$102.00 ,$2.35 ,0.23,$23.46 ,$23.46 ,Successful,1/8/2014,,NCC-75726,,,3603497413,"$3,000 ",$0.00 ,$78.54 ,Enterprise,0
Star Oven Toaster,79950,NASHVILLE CONVENTION CTR,1/7/2014,$317.00 ,$0.00 ,0.23,$72.91 ,$72.91 ,Successful,1/7/2014,,NCC-75725,,,Cashiers Check,"$3,000 ",$0.00 ,$244.09 ,Enterprise,0
Eagle Stainless Steel Table,79951,NASHVILLE CONVENTION CTR,1/7/2014,$233.00 ,$0.00 ,0.23,$53.59 ,$53.59 ,Successful,1/7/2014,,NCC-75722,,,Cashiers Check,"$3,000 ",$0.00 ,$179.41 ,Enterprise,0
Sico Folding Table w/Wheels,79952,NASHVILLE CONVENTION CTR,1/7/2014,$60.01 ,$1.38 ,0.23,$13.80 ,$13.80 ,Successful,1/7/2014,,NCC-75659,,,3603378757,"$3,000 ",$0.00 ,$46.20 ,Enterprise,0
Wire Rack,79954,NASHVILLE CONVENTION CTR,1/7/2014,$24.69 ,$0.57 ,0.23,$5.67 ,$5.67 ,Successful,1/13/2014,,NCC-75724,,,3603943217,"$3,000 ",$0.00 ,$19.01 ,Enterprise,0
Perlick Ice Holder,79955,NASHVILLE CONVENTION CTR,1/7/2014,$117.48 ,$0.00 ,0.23,$27.02 ,$27.02 ,Successful,1/7/2014,,NCC-75602,,,Cashiers Check,"$3,000 ",$0.00 ,$90.45 ,Enterprise,0
Picture,79956,NASHVILLE CONVENTION CTR,1/7/2014,$32.00 ,$0.74 ,0.23,$7.36 ,$7.36 ,Successful,1/8/2014,,NCC-75775,,,3603491140,"$3,000 ",$0.00 ,$24.64 ,Enterprise,0
15 Ceramic Bowls,79957,NASHVILLE CONVENTION CTR,1/7/2014,$108.00 ,$2.48 ,0.23,$24.84 ,$24.84 ,Successful,1/7/2014,,NCC-75649,,,3603388403,"$3,000 ",$0.00 ,$83.16 ,Enterprise,0
6 Heath Flow Measurement Rods,79958,WATER SERVICES,1/7/2014,$79.99 ,$1.84 ,0.23,$18.39 ,$18.39 ,Successful,1/7/2014,,WS-73877,,,3603381573,"$3,000 ",$0.00 ,$61.59 ,Enterprise,0
Hon 2-Drawer File Cabinet,79959,POLICE STATE DRUG FUND,1/7/2014,$22.51 ,$0.52 ,0.23,$5.17 ,$5.17 ,Successful,1/8/2014,31740201.51,PSDF-73731,,,3603534226,"$3,000 ",$0.00 ,$17.33 ,Enterprise,0
Fellowes Powershred 320 Shredder,79960,POLICE STATE DRUG FUND,1/7/2014,$88.01 ,$2.02 ,0.23,$20.24 ,$20.24 ,Successful,1/13/2014,31740201.51,PSDF-73617,,,3603848754,"$3,000 ",$0.00 ,$67.76 ,Enterprise,0
Lighting Kit w/Case,79961,POLICE STATE DRUG FUND,1/7/2014,$140.00 ,$3.22 ,0.23,$32.20 ,$32.20 ,Successful,1/12/2014,31740201.51,PSDF-73618,,,3603810666,"$3,000 ",$0.00 ,$107.80 ,Enterprise,0
1 Pallet of Assorted Keyboard Trays,79962,POLICE STATE DRUG FUND,1/7/2014,$4.01 ,$0.09 ,0.23,$0.92 ,$0.92 ,Successful,1/7/2014,31740201.51,PSDF-73602,,,3603391588,"$3,000 ",$0.00 ,$3.08 ,Enterprise,0
Assorted VHS Tapes,79963,POLICE STATE DRUG FUND,1/7/2014,$68.00 ,$1.56 ,0.23,$15.64 ,$15.64 ,Successful,1/7/2014,31740201.51,PSDF-73599,,,3603412931,"$3,000 ",$0.00 ,$52.36 ,Enterprise,0
Casio Calculator,79964,FINANCE,1/8/2014,$7.00 ,$0.16 ,0.23,$1.61 ,$1.61 ,Successful,1/9/2014,,73635,,,3603574563,"$3,000 ",$0.00 ,$5.39 ,General Fund,0
Canon Calculator,79965,FINANCE,1/8/2014,$9.00 ,$0.21 ,0.23,$2.07 ,$2.07 ,Successful,1/8/2014,,73636,,,3603497432,"$3,000 ",$0.00 ,$6.93 ,General Fund,0
HP Laser Jet 4100dtn,79966,FINANCE,1/8/2014,$47.01 ,$1.08 ,0.23,$10.81 ,$10.81 ,Successful,1/8/2014,,73633,,,3603476380,"$3,000 ",$0.00 ,$36.19 ,General Fund,0
Printer Stand,79968,METRO ACTION,1/8/2014,$6.00 ,$0.14 ,0.23,$1.38 ,$1.38 ,Successful,1/12/2014,,MA-63780,,,3603810674,"$3,000 ",$0.00 ,$4.62 ,Enterprise,0
Dell Power Edge 6850 Server,79969,CODES,1/8/2014,$38.99 ,$0.90 ,0.23,$8.96 ,$8.96 ,Successful,1/16/2014,,75576,,,3604199243,"$3,000 ",$0.00 ,$30.02 ,General Fund,0
CD Rack,79970,PUBLIC LIBRARY,1/8/2014,$21.00 ,$0.48 ,0.23,$4.83 ,$4.83 ,Successful,1/8/2014,,75562,,,3603473425,"$3,000 ",$0.00 ,$16.17 ,General Fund,0
Elmo 16-CL Optical Projector w/Cart,79971,PUBLIC LIBRARY,1/8/2014,$130.01 ,$2.99 ,0.23,$29.90 ,$29.90 ,Successful,1/8/2014,,75564,,,3603475436,"$3,000 ",$0.00 ,$100.10 ,General Fund,0
2003 Ford F-450,79976,OFM-WATER SERVICES,1/2/2014,"$9,100.00 ",$0.00 ,0.23,"$2,093.00 ","$2,093.00 ",Successful,1/6/2014,80000567,,31C 041,,Cashiers Check,"$3,000 ",$0.00 ,"$7,007.00 ",Enterprise,0
2003 Chevrolet Malibu,79977,OFM-POLICE,1/2/2014,"$2,125.00 ",$0.00 ,0.23,$488.75 ,$488.75 ,Successful,1/8/2014,80000852,,P 2938 AL,,Cashiers Check,"$3,000 ",$0.00 ,"$1,636.25 ",Enterprise,0
2008 International Cab & Chassis,79978,OFM-FIRE,1/2/2014,"$2,125.00 ",$48.88 ,0.23,$488.75 ,$488.75 ,Successful,1/10/2014,80006639,,1479 JG,,3603718058,"$3,000 ",$0.00 ,"$1,636.25 ",Enterprise,0
2003 Ford F-450,79979,OFM-WATER SERVICES,1/2/2014,"$9,000.00 ",$0.00 ,0.23,"$2,070.00 ","$2,070.00 ",Successful,1/6/2014,80000565,,31C 039,,Cashiers Check,"$3,000 ",$0.00 ,"$6,930.00 ",Enterprise,0
2003 Chevrolet Malibu,79980,OFM-POLICE,1/2/2014,"$2,625.00 ",$0.00 ,0.23,$603.75 ,$603.75 ,Successful,1/8/2014,80000699,,P 2905 AL,,Cashiers Check,"$3,000 ",$0.00 ,"$2,021.25 ",Enterprise,0
2007 Toyota Camry,79981,POLICE STATE DRUG FUND,1/2/2014,"$5,550.00 ",$0.00 ,0.23,"$1,276.50 ","$1,276.50 ",Successful,1/2/2014,,,07D 4783,,Cashiers Check,"$3,000 ",$0.00 ,"$4,273.50 ",Enterprise,0
1996 Honda Accord,79982,POLICE STATE DRUG FUND,1/2/2014,"$1,726.00 ",$0.00 ,0.23,$396.98 ,$396.98 ,Successful,1/9/2014,,,07D 4549,,Cashiers Check,"$3,000 ",$0.00 ,"$1,329.02 ",Enterprise,0
2005 Buick LeSabre,79983,POLICE STATE GAMBLING FORFEITURE,1/2/2014,"$1,525.00 ",$0.00 ,0.23,$350.75 ,$350.75 ,Successful,1/8/2014,,,07G 4696,,Cashiers Check,"$3,000 ",$0.00 ,"$1,174.25 ",Enterprise,0
1968 Pontiac Catalina,79986,DRUG TASK FORCE,1/2/2014,"$1,375.00 ",$0.00 ,0.23,$316.25 ,$316.25 ,Successful,1/7/2014,,TF-311-068,,959858,Cashiers Check,"$3,000 ",$95.00 ,$963.75 ,Enterprise,0
Beverage Air Refrigerator w/Wheels,79987,NASHVILLE CONVENTION CTR,1/9/2014,$27.01 ,$0.00 ,0.23,$6.21 ,$6.21 ,Successful,1/16/2014,,NCC-75729,,,Cashiers Check,"$3,000 ",$0.00 ,$20.79 ,Enterprise,0
Hanging Rack,79988,NASHVILLE CONVENTION CTR,1/9/2014,$41.00 ,$0.94 ,0.23,$9.43 ,$9.43 ,Successful,1/15/2014,,NCC-75665,,,3604056042,"$3,000 ",$0.00 ,$31.57 ,Enterprise,0
Lockwood Coat Rack,79989,NASHVILLE CONVENTION CTR,1/9/2014,$53.60 ,$1.23 ,0.23,$12.32 ,$12.32 ,Successful,1/9/2014,,NCC-75594,,,3603574580,"$3,000 ",$0.00 ,$41.27 ,Enterprise,0
Dell Laptop,80015,ITS,1/9/2014,$27.00 ,$0.62 ,0.23,$6.21 ,$6.21 ,Successful,1/9/2014,,74553,,,3603602863,"$3,000 ",$0.00 ,$20.79 ,General Fund,0
Dell Laptop,80017,ITS,1/9/2014,$52.00 ,$1.20 ,0.23,$11.96 ,$11.96 ,Successful,1/13/2014,,74555,,,3603934086,"$3,000 ",$0.00 ,$40.04 ,General Fund,0
Dell Laptop,80018,ITS,1/9/2014,$57.00 ,$1.31 ,0.23,$13.11 ,$13.11 ,Successful,1/9/2014,,74570,,,3603592960,"$3,000 ",$0.00 ,$43.89 ,General Fund,0
Bar Stool,80021,NASHVILLE CONVENTION CTR,1/14/2014,$21.00 ,$0.48 ,0.23,$4.83 ,$4.83 ,Successful,1/30/2014,,NCC-75776,,,3605145144,"$3,000 ",$0.00 ,$16.17 ,Enterprise,0
Table,80022,NASHVILLE CONVENTION CTR,1/14/2014,$27.00 ,$0.00 ,0.23,$6.21 ,$6.21 ,Successful,1/14/2014,,NCC-75754,,,Money Order,"$3,000 ",$0.00 ,$20.79 ,Enterprise,0
Table,80023,NASHVILLE CONVENTION CTR,1/14/2014,$13.20 ,$0.30 ,0.23,$3.03 ,$3.03 ,Successful,1/15/2014,,NCC-75753,,,3604077546,"$3,000 ",$0.00 ,$10.16 ,Enterprise,0
Table,80024,WATER SERVICES,1/14/2014,$2.00 ,$0.05 ,0.23,$0.46 ,$0.46 ,Successful,1/15/2014,,WS-73909,,,3604077700,"$3,000 ",$0.00 ,$1.54 ,Enterprise,0
Table,80025,WATER SERVICES,1/14/2014,$1.00 ,$0.02 ,0.23,$0.23 ,$0.23 ,Successful,1/14/2014,,WS-73904,,,3603986284,"$3,000 ",$0.00 ,$0.77 ,Enterprise,0
Table,80026,WATER SERVICES,1/14/2014,$2.00 ,$0.05 ,0.23,$0.46 ,$0.46 ,Successful,1/28/2014,,WS-73907,,,3605003135,"$3,000 ",$0.00 ,$1.54 ,Enterprise,0
Table,80027,WATER SERVICES,1/7/2014,$2.00 ,$0.05 ,0.23,$0.46 ,$0.46 ,Successful,1/7/2014,,WS-73908,,,3603421222,"$3,000 ",$0.00 ,$1.54 ,Enterprise,0
Table,80028,WATER SERVICES,1/14/2014,$2.00 ,$0.05 ,0.23,$0.46 ,$0.46 ,Successful,1/28/2014,,WS-73906,,,3605003474,"$3,000 ",$0.00 ,$1.54 ,Enterprise,0
2 Chairs,80029,WATER SERVICES,1/14/2014,$7.00 ,$0.00 ,0.23,$1.61 ,$1.61 ,Successful,1/21/2014,,"WS-74864, WS-74863",,,Money Order,"$3,000 ",$0.00 ,$5.39 ,Enterprise,0
"Dell 17"" Flat Screen Monitor",80030,WATER SERVICES,1/14/2014,$23.50 ,$0.54 ,0.23,$5.40 ,$5.40 ,Successful,1/16/2014,,WS-62259,,,3604183839,"$3,000 ",$0.00 ,$18.09 ,Enterprise,0
Table,80031,METRO ACTION,1/14/2014,$1.00 ,$0.02 ,0.23,$0.23 ,$0.23 ,Successful,1/14/2014,,MAC-73083,,,3603986292,"$3,000 ",$0.00 ,$0.77 ,Enterprise,0
Book Rack,80032,PUBLIC LIBRARY,1/14/2014,$47.00 ,$1.08 ,0.23,$10.81 ,$10.81 ,Successful,1/14/2014,,75561,,,3603994589,"$3,000 ",$0.00 ,$36.19 ,General Fund,0
Book Rack,80033,PUBLIC LIBRARY,1/14/2014,$27.00 ,$0.62 ,0.23,$6.21 ,$6.21 ,Successful,1/20/2014,,75560,,,3604402879,"$3,000 ",$0.00 ,$20.79 ,General Fund,0
Dell 2330dn Laser Printer,80035,ITS,1/14/2014,$13.50 ,$0.31 ,0.23,$3.10 ,$3.10 ,Successful,1/16/2014,,75962,,,3604199260,"$3,000 ",$0.00 ,$10.39 ,General Fund,0
Dell 1250c Printer,80036,ITS,1/14/2014,$7.90 ,$0.18 ,0.23,$1.81 ,$1.81 ,Successful,1/20/2014,,75963,,,3604402887,"$3,000 ",$0.00 ,$6.08 ,General Fund,0
Dell Laptop,80039,ITS,1/14/2014,$47.51 ,$1.09 ,0.23,$10.92 ,$10.92 ,Successful,1/16/2014,,73585,,,3604199281,"$3,000 ",$0.00 ,$36.58 ,General Fund,0
Dell Laptop,80040,ITS,1/14/2014,$51.51 ,$1.18 ,0.23,$11.84 ,$11.84 ,Successful,1/20/2014,,73588,,,3604415567,"$3,000 ",$0.00 ,$39.66 ,General Fund,0
Dell Laptop,80041,ITS,1/14/2014,$53.51 ,$1.23 ,0.23,$12.30 ,$12.30 ,Successful,1/16/2014,,73589,,,3604199292,"$3,000 ",$0.00 ,$41.20 ,General Fund,0
Dell Laptop,80042,ITS,1/14/2014,$33.51 ,$0.77 ,0.23,$7.70 ,$7.70 ,Successful,1/20/2014,,73587,,,3604415580,"$3,000 ",$0.00 ,$25.80 ,General Fund,0
Dell Laptop,80043,ITS,1/14/2014,$53.51 ,$1.23 ,0.23,$12.30 ,$12.30 ,Successful,1/14/2014,,73586,,,3604003385,"$3,000 ",$0.00 ,$41.20 ,General Fund,0
View Sonic Laptop,80044,ITS,1/14/2014,$21.00 ,$0.48 ,0.23,$4.83 ,$4.83 ,Successful,1/15/2014,,72977,,,3604067145,"$3,000 ",$0.00 ,$16.17 ,General Fund,0
3 Wooden Bookshelves,80048,SCHOOL BOARD WAREHOUSE,1/14/2014,$150.00 ,$3.45 ,0.23,$34.50 ,$34.50 ,Successful,1/20/2014,,SBS-6143A,,,3604443964,"$3,000 ",$0.00 ,$115.50 ,Enterprise,0
3 TV's & Carts,80049,SCHOOL BOARD WAREHOUSE,1/14/2014,$57.00 ,$1.31 ,0.23,$13.11 ,$13.11 ,Successful,1/14/2014,,SBS-5999,,,3604002153,"$3,000 ",$0.00 ,$43.89 ,Enterprise,0
3 Upright Pianos,80050,SCHOOL BOARD WAREHOUSE,1/14/2014,$103.00 ,$2.37 ,0.23,$23.69 ,$23.69 ,Successful,1/17/2014,,SBS-6097,,,3604287967,"$3,000 ",$0.00 ,$79.31 ,Enterprise,0
2000 Pontiac Bonneville,80051,POLICE STATE DRUG FUND,1/9/2014,$740.01 ,$0.00 ,0.23,$170.20 ,$170.20 ,Successful,1/9/2014,,,,967863,Cashiers Check,"$3,000 ",$135.00 ,$434.80 ,Enterprise,0
2003 Ford Escape,80052,POLICE STATE DRUG FUND,1/9/2014,"$1,325.00 ",$0.00 ,0.23,$304.75 ,$304.75 ,Successful,1/9/2014,,,,1065994,Cashiers Check,"$3,000 ",$125.00 ,$895.25 ,Enterprise,0
2000 Nissan Sentra,80054,POLICE STATE DRUG FUND,1/9/2014,"$1,010.00 ",$0.00 ,0.23,$232.30 ,$232.30 ,Successful,1/13/2014,,,,1053885,Cashiers Check,"$3,000 ",$145.00 ,$632.70 ,Enterprise,0
2001 Hyundai Elantra,80055,POLICE STATE DRUG FUND,1/9/2014,"$1,151.35 ",$0.00 ,0.23,$264.81 ,$264.81 ,Successful,1/9/2014,,,,1053887,Cashiers Check,"$3,000 ",$135.00 ,$751.53 ,Enterprise,0
1997 Infiniti J30,80056,POLICE STATE DRUG FUND,1/9/2014,"$1,800.01 ",$0.00 ,0.23,$414.00 ,$414.00 ,Successful,1/9/2014,,,,103726,Cashiers Check,"$3,000 ",$135.00 ,"$1,251.00 ",Enterprise,0
2001 Lincoln Towncar,80057,POLICE STATE DRUG FUND,1/9/2014,"$1,125.00 ",$0.00 ,0.23,$258.75 ,$258.75 ,Successful,1/9/2014,,,,1035730,Money Order,"$3,000 ",$135.00 ,$731.25 ,Enterprise,0
2001 Ford Excursion,80058,POLICE STATE DRUG FUND,1/9/2014,"$3,530.00 ",$0.00 ,0.23,$811.90 ,$811.90 ,Successful,1/9/2014,,,,1072331,Cashiers Check,"$3,000 ",$220.00 ,"$2,498.10 ",Enterprise,0
1997 Ford Taurus,80059,POLICE STATE DRUG FUND,1/9/2014,$816.25 ,$0.00 ,0.23,$187.73 ,$187.73 ,Successful,1/9/2014,,,,103501,Cashiers Check,"$3,000 ",$145.00 ,$483.51 ,Enterprise,0
1997 Mercury Mountaineer,80061,POLICE STATE DRUG FUND,1/9/2014,$915.00 ,$0.00 ,0.23,$210.45 ,$210.45 ,Successful,1/13/2014,,,,103504,Cashiers Check,"$3,000 ",$135.00 ,$569.55 ,Enterprise,0
2007 Dodge Charger,80062,POLICE STATE DRUG FUND,1/9/2014,"$5,649.77 ",$0.00 ,0.23,"$1,299.44 ","$1,299.44 ",Successful,1/27/2014,,,,1036546,Cashiers Check,"$3,000 ",$145.00 ,"$4,205.32 ",Enterprise,0
Eyeglasses,80063,DRUG TASK FORCE,1/13/2014,$17.00 ,$0.39 ,0.23,$3.91 ,$3.91 ,Successful,1/13/2014,,TF-311-033A,,,3603858728,"$3,000 ",$0.00 ,$13.09 ,Enterprise,0
Sunglasses,80064,DRUG TASK FORCE,1/13/2014,$78.00 ,$1.79 ,0.23,$17.94 ,$17.94 ,Successful,1/13/2014,,TF-311-033B,,,3603873593,"$3,000 ",$0.00 ,$60.06 ,Enterprise,0
Sunglasses,80065,DRUG TASK FORCE,1/13/2014,$67.00 ,$1.54 ,0.23,$15.41 ,$15.41 ,Successful,1/15/2014,,TF-311-033C,,,3604051724,"$3,000 ",$0.00 ,$51.59 ,Enterprise,0
Sunglasses,80067,DRUG TASK FORCE,1/13/2014,$98.00 ,$0.00 ,0.23,$22.54 ,$22.54 ,Successful,1/27/2014,,TF-311-033E,,,Cashiers Check,"$3,000 ",$0.00 ,$75.46 ,Enterprise,0
Sunglasses,80069,DRUG TASK FORCE,1/13/2014,$16.00 ,$0.37 ,0.23,$3.68 ,$3.68 ,Successful,1/13/2014,,TF-311-033G,,,3603886939,"$3,000 ",$0.00 ,$12.32 ,Enterprise,0
Sunglasses w/ Case,80072,DRUG TASK FORCE,1/14/2014,$93.00 ,$0.00 ,0.23,$21.39 ,$21.39 ,Successful,1/27/2014,,TF-311-033J,,,Cashiers Check,"$3,000 ",$0.00 ,$71.61 ,Enterprise,0
Sunglasses w/ Case,80073,DRUG TASK FORCE,1/14/2014,$28.00 ,$0.64 ,0.23,$6.44 ,$6.44 ,Successful,1/14/2014,,TF-311-033K,,,3603991153,"$3,000 ",$0.00 ,$21.56 ,Enterprise,0
Sunglasses w/ Case,80074,DRUG TASK FORCE,1/14/2014,$86.00 ,$0.00 ,0.23,$19.78 ,$19.78 ,Successful,1/27/2014,,TF-311-033L,,,Cashiers Check,"$3,000 ",$0.00 ,$66.22 ,Enterprise,0
Sunglasses w/ Case,80075,DRUG TASK FORCE,1/14/2014,$175.00 ,$0.00 ,0.23,$40.25 ,$40.25 ,Successful,1/27/2014,,TF-311-033M,,,Cashiers Check,"$3,000 ",$0.00 ,$134.75 ,Enterprise,0
Sunglasses w/ Case,80076,DRUG TASK FORCE,1/14/2014,$88.00 ,$0.00 ,0.23,$20.24 ,$20.24 ,Successful,1/27/2014,,TF-311-033N,,,Cashiers Check,"$3,000 ",$0.00 ,$67.76 ,Enterprise,0
1 Pallet of Poster Board,80077,SCHOOL BOARD WAREHOUSE,1/15/2014,$105.52 ,$2.43 ,0.23,$24.26 ,$24.26 ,Successful,1/22/2014,,SBS-5643H,,,3604545608,"$3,000 ",$0.00 ,$81.25 ,Enterprise,0
Nike Air Force One Tennis Shoes. Size: 9-1/2,80078,POLICE STATE DRUG FUND,1/15/2014,$33.00 ,$0.00 ,0.23,$7.59 ,$7.59 ,Successful,1/16/2014,,PSDF-24-002HHH,,,Money Order,"$3,000 ",$0.00 ,$25.41 ,Enterprise,0
"""Nike"" Air Max 90 - Size 10",80079,DRUG TASK FORCE,1/15/2014,$59.01 ,$1.36 ,0.23,$13.57 ,$13.57 ,Successful,1/16/2014,,TF-306-043Z,,,3604199063,"$3,000 ",$0.00 ,$45.43 ,Enterprise,0
16 Simple Mobile Sim Cards,80080,POLICE STATE FELONY FORFEITURE,1/15/2014,$1.00 ,$0.02 ,0.23,$0.23 ,$0.23 ,Successful,1/22/2014,,PSFF-34-051,,,3604586926,"$3,000 ",$0.00 ,$0.77 ,Enterprise,0
Cube Cell Phone Chargers,80083,POLICE STATE FELONY FORFEITURE,1/16/2014,$21.00 ,$0.48 ,0.23,$4.83 ,$4.83 ,Successful,1/28/2014,,PSFF-34-003,,,3604998409,"$3,000 ",$0.00 ,$16.17 ,Enterprise,0
Cell Phone Pouches,80084,POLICE STATE FELONY FORFEITURE,1/16/2014,$25.00 ,$0.58 ,0.23,$5.75 ,$5.75 ,Successful,1/28/2014,,PSFF-34-034,,,3604998439,"$3,000 ",$0.00 ,$19.25 ,Enterprise,0
T-Mobile My Touch Snap On Covers,80086,POLICE STATE FELONY FORFEITURE,1/16/2014,$1.00 ,$0.02 ,0.23,$0.23 ,$0.23 ,Successful,1/21/2014,,PSFF-34-019,,,3604480392,"$3,000 ",$0.00 ,$0.77 ,Enterprise,0
4 Cib Security Cameras,80087,POLICE STATE FELONY FORFEITURE,1/16/2014,$82.01 ,$1.89 ,0.23,$18.86 ,$18.86 ,Successful,1/26/2014,,PSFF-34-008,,,3604845229,"$3,000 ",$0.00 ,$63.14 ,Enterprise,0
USB to Dock Connectors for iPhone,80089,POLICE STATE FELONY FORFEITURE,1/16/2014,$83.00 ,$1.91 ,0.23,$19.09 ,$19.09 ,Successful,1/28/2014,,PSFF-34-011,,,3604998461,"$3,000 ",$0.00 ,$63.91 ,Enterprise,0
HP Desk Jet F4280,80090,POLICE STATE FELONY FORFEITURE,1/16/2014,$15.00 ,$0.34 ,0.23,$3.45 ,$3.45 ,Successful,1/23/2014,,PSFF-34-059,,,3604655017,"$3,000 ",$0.00 ,$11.55 ,Enterprise,0
Duraband Mobile Phone Car Chargers,80091,POLICE STATE FELONY FORFEITURE,1/16/2014,$27.00 ,$0.62 ,0.23,$6.21 ,$6.21 ,Successful,1/28/2014,,PSFF-34-022,,,3604998478,"$3,000 ",$0.00 ,$20.79 ,Enterprise,0
Verifone Credit Card Machine,80092,POLICE STATE FELONY FORFEITURE,1/16/2014,$80.00 ,$1.84 ,0.23,$18.40 ,$18.40 ,Successful,1/16/2014,,PSFF-34-086,,,3604195242,"$3,000 ",$0.00 ,$61.60 ,Enterprise,0
First Data Credit Card Machine,80093,POLICE STATE FELONY FORFEITURE,1/16/2014,$29.00 ,$0.67 ,0.23,$6.67 ,$6.67 ,Successful,1/16/2014,,PSFF-34-087,,,3604227869,"$3,000 ",$0.00 ,$22.33 ,Enterprise,0
Swann Digital Video Recorder,80094,POLICE STATE FELONY FORFEITURE,1/16/2014,$55.00 ,$1.26 ,0.23,$12.65 ,$12.65 ,Successful,1/21/2014,,PSFF-34-085,,,3604520449,"$3,000 ",$0.00 ,$42.35 ,Enterprise,0
2005 Chevrolet Tahoe,80095,OFM-FIRE,1/16/2014,"$2,525.00 ",$0.00 ,0.23,$580.75 ,$580.75 ,Successful,1/23/2014,80003497,,09A 3493,,Cashiers Check,"$3,000 ",$0.00 ,"$1,944.25 ",Enterprise,0
2006 Chevrolet Impala,80096,OFM-POLICE,1/16/2014,"$2,831.00 ",$0.00 ,0.23,$651.13 ,$651.13 ,Successful,1/16/2014,80004054,,1215 JF,,Cashiers Check,"$3,000 ",$0.00 ,"$2,179.87 ",Enterprise,0
2011 Chevrolet Impala,80097,OFM-POLICE,1/16/2014,$645.00 ,$14.84 ,0.23,$148.35 ,$148.35 ,Successful,1/16/2014,80016100,,8096 AJ,,3604201494,"$3,000 ",$0.00 ,$496.65 ,Enterprise,0
2001 Chevrolet Malibu,80098,OFM-CODES,1/16/2014,"$1,607.47 ",$36.97 ,0.23,$369.71 ,$369.71 ,Successful,1/16/2014,221641,,P 2687 AJ,,3604177890,"$3,000 ",$0.00 ,"$1,237.75 ",Enterprise,0
2003 Ford F-450,80099,OFM-WATER SERVICES,1/16/2014,"$6,350.00 ",$0.00 ,0.23,"$1,460.50 ","$1,460.50 ",Successful,1/21/2014,80000566,,31C 040,,Cashiers Check,"$3,000 ",$0.00 ,"$4,889.50 ",Enterprise,0
2004 Chevrolet Tahoe,80100,OFM-POLICE,1/16/2014,"$5,076.00 ",$0.00 ,0.23,"$1,167.48 ","$1,167.48 ",Successful,1/28/2014,80000953,,09A 3442,,Cashiers Check,"$3,000 ",$0.00 ,"$3,908.52 ",Enterprise,0
2008 Chevrolet Impala,80101,OFM-POLICE,1/16/2014,$831.00 ,$19.11 ,0.23,$191.13 ,$191.13 ,Successful,1/16/2014,80002258,,1406 JG,,3604201977,"$3,000 ",$0.00 ,$639.87 ,Enterprise,0
2005 Chevrolet 2500,80102,OFM-WATER SERVICES,1/16/2014,"$3,926.00 ",$0.00 ,0.23,$902.98 ,$902.98 ,Successful,1/27/2014,80002869,,31B 5283,,Cashiers Check,"$3,000 ",$0.00 ,"$3,023.02 ",Enterprise,0
Cubby,80104,METRO ACTION,1/16/2014,$42.00 ,$0.97 ,0.23,$9.66 ,$9.66 ,Successful,1/16/2014,,MAC-74021A,,,3604179061,"$3,000 ",$0.00 ,$32.34 ,Enterprise,0
Cubby,80105,METRO ACTION,1/16/2014,$49.00 ,$1.13 ,0.23,$11.27 ,$11.27 ,Successful,1/17/2014,,MAC-74021B,,,3604267312,"$3,000 ",$0.00 ,$37.73 ,Enterprise,0
Cubby,80107,METRO ACTION,1/16/2014,$23.00 ,$0.53 ,0.23,$5.29 ,$5.29 ,Successful,1/17/2014,,MAC-74021D,,,3604267325,"$3,000 ",$0.00 ,$17.71 ,Enterprise,0
Cubby,80108,METRO ACTION,1/16/2014,$17.00 ,$0.39 ,0.23,$3.91 ,$3.91 ,Successful,1/17/2014,,MAC-74021E,,,3604267340,"$3,000 ",$0.00 ,$13.09 ,Enterprise,0
Cubby,80109,METRO ACTION,1/16/2014,$47.00 ,$1.08 ,0.23,$10.81 ,$10.81 ,Successful,1/16/2014,,MAC-74021F,,,3604189967,"$3,000 ",$0.00 ,$36.19 ,Enterprise,0
Filing Cart,80115,WATER SERVICES,1/16/2014,$11.00 ,$0.25 ,0.23,$2.53 ,$2.53 ,Successful,1/30/2014,,WS-74741,,,3605140643,"$3,000 ",$0.00 ,$8.47 ,Enterprise,0
Battery Pack,80116,NASHVILLE CONVENTION CTR,1/16/2014,$2.00 ,$0.00 ,0.23,$0.46 ,$0.46 ,Successful,1/22/2014,,NCC-74710,,,Money Order,"$3,000 ",$0.00 ,$1.54 ,Enterprise,0
"Dell 17"" Monitor",80117,NASHVILLE CONVENTION CTR,1/16/2014,$20.75 ,$0.48 ,0.23,$4.77 ,$4.77 ,Successful,1/16/2014,,NCC-74709,,,3604184093,"$3,000 ",$0.00 ,$15.97 ,Enterprise,0
Car/Truck Jack,80119,SCHOOL BOARD WAREHOUSE,1/21/2014,$205.00 ,$0.00 ,0.23,$47.15 ,$47.15 ,Successful,1/27/2014,,SBS-6228,,,Money Order,"$3,000 ",$0.00 ,$157.85 ,Enterprise,0
Greaser,80120,SCHOOL BOARD WAREHOUSE,1/21/2014,$130.00 ,$0.00 ,0.23,$29.90 ,$29.90 ,Successful,1/27/2014,,SBS-6229,,,Cashiers Check,"$3,000 ",$0.00 ,$100.10 ,Enterprise,0
Plastic Trailer,80121,SCHOOL BOARD WAREHOUSE,1/21/2014,$201.01 ,$4.62 ,0.23,$46.23 ,$46.23 ,Successful,1/22/2014,,SBS-6230,,,3604544314,"$3,000 ",$0.00 ,$154.77 ,Enterprise,0
Transmission Jack,80122,SCHOOL BOARD WAREHOUSE,1/21/2014,$160.00 ,$3.68 ,0.23,$36.80 ,$36.80 ,Successful,1/28/2014,,SBS-6227,,,3604997380,"$3,000 ",$0.00 ,$123.20 ,Enterprise,0
Ladies Sunglasses,80123,DRUG TASK FORCE,1/21/2014,$12.00 ,$0.28 ,0.23,$2.76 ,$2.76 ,Successful,1/27/2014,,TF-311-056A,,,3604937999,"$3,000 ",$0.00 ,$9.24 ,Enterprise,0
Men's Watch,80125,DRUG TASK FORCE,1/21/2014,$308.00 ,$7.08 ,0.23,$70.84 ,$70.84 ,Successful,1/21/2014,,TF-310-004A,,,3604503511,"$3,000 ",$0.00 ,$237.16 ,Enterprise,0
Dell Laptop,80126,ITS,1/21/2014,$52.00 ,$1.20 ,0.23,$11.96 ,$11.96 ,Successful,1/29/2014,,75987,,,3605074793,"$3,000 ",$0.00 ,$40.04 ,General Fund,0
Dell Laptop,80128,ITS,1/21/2014,$146.00 ,$3.36 ,0.23,$33.58 ,$33.58 ,Successful,1/23/2014,,75990,,,3604642936,"$3,000 ",$0.00 ,$112.42 ,General Fund,0
Dell Laptop,80129,ITS,1/21/2014,$150.00 ,$3.45 ,0.23,$34.50 ,$34.50 ,Successful,1/23/2014,,75986,,,3604642951,"$3,000 ",$0.00 ,$115.50 ,General Fund,0
Dell Laptop,80130,ITS,1/21/2014,$68.00 ,$0.00 ,0.23,$15.64 ,$15.64 ,Successful,1/27/2014,,75975,,,Money Order,"$3,000 ",$0.00 ,$52.36 ,General Fund,0
Dell Laptop,80131,ITS,1/21/2014,$52.00 ,$1.20 ,0.23,$11.96 ,$11.96 ,Successful,1/29/2014,,75969,,,3605074805,"$3,000 ",$0.00 ,$40.04 ,General Fund,0
Dell Laptop,80132,ITS,1/21/2014,$32.00 ,$0.00 ,0.23,$7.36 ,$7.36 ,Successful,1/27/2014,,75968,,,Money Order,"$3,000 ",$0.00 ,$24.64 ,General Fund,0
Trek 21-Speed Bicycle,80136,POLICE VEHICLE IMPOUND,1/21/2014,$106.21 ,$2.44 ,0.23,$24.42 ,$24.42 ,Successful,1/23/2014,,IM-1073171,,,3604704037,"$3,000 ",$0.00 ,$81.78 ,General Fund,0
Schwinn 21-Speed Bicycle,80137,POLICE VEHICLE IMPOUND,1/21/2014,$24.01 ,$0.55 ,0.23,$5.52 ,$5.52 ,Successful,1/21/2014,,IM-110952,,,3604532123,"$3,000 ",$0.00 ,$18.48 ,General Fund,0
"Specialized ""Rock Chopper"" 24-Speed Bicycle",80138,POLICE VEHICLE IMPOUND,1/21/2014,$44.00 ,$1.01 ,0.23,$10.12 ,$10.12 ,Successful,1/27/2014,,IM-112302,,,3604915450,"$3,000 ",$0.00 ,$33.88 ,General Fund,0
Diamondback 24-Speed Bicycle,80139,POLICE VEHICLE IMPOUND,1/21/2014,$67.66 ,$1.56 ,0.23,$15.56 ,$15.56 ,Successful,1/23/2014,,IM-110953,,,3604685506,"$3,000 ",$0.00 ,$52.09 ,General Fund,0
Shimano 15-Speed Bicycle,80140,POLICE VEHICLE IMPOUND,1/21/2014,$50.00 ,$1.15 ,0.23,$11.50 ,$11.50 ,Successful,1/21/2014,,IM-100156,,,3604482785,"$3,000 ",$0.00 ,$38.50 ,General Fund,0
No Rules Kids Bicycle,80141,POLICE VEHICLE IMPOUND,1/21/2014,$13.00 ,$0.30 ,0.23,$2.99 ,$2.99 ,Successful,1/22/2014,,IM-1062268,,,3604573474,"$3,000 ",$0.00 ,$10.01 ,General Fund,0
Razor Kids Bicycle,80142,POLICE VEHICLE IMPOUND,1/21/2014,$16.06 ,$0.37 ,0.23,$3.69 ,$3.69 ,Successful,1/22/2014,,IM-1062267,,,3604573489,"$3,000 ",$0.00 ,$12.36 ,General Fund,0
Black & Decker Booster Box,80143,DRUG TASK FORCE,1/21/2014,$21.00 ,$0.48 ,0.23,$4.83 ,$4.83 ,Successful,1/27/2014,,TF-311-051,,,3604953444,"$3,000 ",$0.00 ,$16.17 ,Enterprise,0
Sentry Safe,80144,POLICE VEHICLE IMPOUND,1/21/2014,$16.00 ,$0.37 ,0.23,$3.68 ,$3.68 ,Successful,1/27/2014,,IM-138566,,,3604953183,"$3,000 ",$145.00 ,($132.68),General Fund,0
"""Dirt Dobber"" Dirt Bike",80145,POLICE VEHICLE IMPOUND,1/21/2014,$60.01 ,$1.38 ,0.23,$13.80 ,$13.80 ,Successful,1/22/2014,,IM-586299,,,3604586946,"$3,000 ",,$46.20 ,General Fund,0
2 Flammable/Hazardous Material Cabinets,80147,SCHOOL BOARD WAREHOUSE,1/22/2014,$283.75 ,$6.53 ,0.23,$65.26 ,$65.26 ,Successful,1/22/2014,,SBS-6222,,,3604560994,"$3,000 ",$0.00 ,$218.48 ,Enterprise,0
2 Flammable/Hazardous Material Cabinets,80148,SCHOOL BOARD WAREHOUSE,1/22/2014,$188.00 ,$4.32 ,0.23,$43.24 ,$43.24 ,Successful,1/22/2014,,SBS-6223,,,3604561003,"$3,000 ",$0.00 ,$144.76 ,Enterprise,0
3 Cafeteria Tables,80149,SCHOOL BOARD WAREHOUSE,1/22/2014,$37.00 ,$0.85 ,0.23,$8.51 ,$8.51 ,Successful,1/23/2014,,SBS-6226,,,3604649153,"$3,000 ",$0.00 ,$28.49 ,Enterprise,0
2 Flammable/Hazardous Material Cabinets,80150,SCHOOL BOARD WAREHOUSE,1/22/2014,$429.99 ,$9.89 ,0.23,$98.89 ,$98.89 ,Successful,1/25/2014,,SBS-6221,,,3604805469,"$3,000 ",$0.00 ,$331.09 ,Enterprise,0
2 Computer Tables,80151,SCHOOL BOARD WAREHOUSE,1/22/2014,$25.01 ,$0.58 ,0.23,$5.75 ,$5.75 ,Successful,1/30/2014,,SBS-6225A,,,3605137517,"$3,000 ",$0.00 ,$19.25 ,Enterprise,0
2 Computer Tables,80152,SCHOOL BOARD WAREHOUSE,1/22/2014,$25.01 ,$0.58 ,0.23,$5.75 ,$5.75 ,Successful,1/30/2014,,SBS-6225B,,,3605137532,"$3,000 ",$0.00 ,$19.25 ,Enterprise,0
2 Computer Tables,80153,SCHOOL BOARD WAREHOUSE,1/22/2014,$29.01 ,$0.67 ,0.23,$6.67 ,$6.67 ,Successful,1/30/2014,,SBS-6225C,,,3605137542,"$3,000 ",$0.00 ,$22.33 ,Enterprise,0
2 Video Carts,80154,SCHOOL BOARD WAREHOUSE,1/22/2014,$17.00 ,$0.39 ,0.23,$3.91 ,$3.91 ,Successful,1/23/2014,,SBS-6190,,,3604669770,"$3,000 ",$0.00 ,$13.09 ,Enterprise,0
"3 RCA 27"" Televisions",80155,SCHOOL BOARD WAREHOUSE,1/22/2014,$9.00 ,$0.21 ,0.23,$2.07 ,$2.07 ,Successful,1/22/2014,,SBS-6167A,,,3604564897,"$3,000 ",$0.00 ,$6.93 ,Enterprise,0
TV w/Cart,80156,SCHOOL BOARD WAREHOUSE,1/22/2014,$1.00 ,$0.02 ,0.23,$0.23 ,$0.23 ,Successful,1/22/2014,,SBS-6187A,,,3604566059,"$3,000 ",$0.00 ,$0.77 ,Enterprise,0
TV w/Cart,80157,SCHOOL BOARD WAREHOUSE,1/22/2014,$4.00 ,$0.09 ,0.23,$0.92 ,$0.92 ,Successful,1/22/2014,,SBS-6187B,,,3604566662,"$3,000 ",$0.00 ,$3.08 ,Enterprise,0
TV Cart,80158,SCHOOL BOARD WAREHOUSE,1/22/2014,$12.69 ,$0.29 ,0.23,$2.91 ,$2.91 ,Successful,1/23/2014,,SBS-6218,,,3604669782,"$3,000 ",$0.00 ,$9.77 ,Enterprise,0
1 Pallet of Poster Board,80160,SCHOOL BOARD WAREHOUSE,1/22/2014,$42.13 ,$0.97 ,0.23,$9.68 ,$9.68 ,Successful,1/30/2014,,SBS-5643K,,,3605167377,"$3,000 ",$0.00 ,$32.44 ,Enterprise,0
Monitor w/Cart,80161,SCHOOL BOARD WAREHOUSE,1/22/2014,$4.50 ,$0.10 ,0.23,$1.03 ,$1.03 ,Successful,1/22/2014,,SBS-6189A,,,3604579860,"$3,000 ",$0.00 ,$3.46 ,Enterprise,0
Monitor w/Cart,80162,SCHOOL BOARD WAREHOUSE,1/22/2014,$4.50 ,$0.10 ,0.23,$1.03 ,$1.03 ,Successful,1/28/2014,,SBS-6189B,,,3605004548,"$3,000 ",$0.00 ,$3.46 ,Enterprise,0
Men's Diamond Watch,80171,DRUG TASK FORCE,1/22/2014,"$1,725.00 ",$0.00 ,0.23,$396.75 ,$396.75 ,Successful,1/22/2014,,TF-311-001,,,Cashiers Check,"$3,000 ",$0.00 ,"$1,328.25 ",Enterprise,0
Ladies Ring,80172,DRUG TASK FORCE,1/23/2014,$15.00 ,$0.34 ,0.23,$3.45 ,$3.45 ,Successful,1/23/2014,,TF-311-055,,,3604669810,"$3,000 ",$0.00 ,$11.55 ,Enterprise,0
Ladies Watch,80173,DRUG TASK FORCE,1/23/2014,$22.01 ,$0.51 ,0.23,$5.06 ,$5.06 ,Successful,1/23/2014,,TF-311-011,,,3604674572,"$3,000 ",$0.00 ,$16.94 ,Enterprise,0
1 Earring,80174,DRUG TASK FORCE,1/23/2014,$2.00 ,$0.05 ,0.23,$0.46 ,$0.46 ,Successful,1/23/2014,,TF-311-019,,,3604669939,"$3,000 ",$0.00 ,$1.54 ,Enterprise,0
Ladies Watch,80176,DRUG TASK FORCE,1/27/2014,$33.00 ,$0.76 ,0.23,$7.59 ,$7.59 ,Successful,1/28/2014,,TF-311-025A,,,3605014278,"$3,000 ",$0.00 ,$25.41 ,Enterprise,0
10kt Watch and 2 10k Bracelets,80177,DRUG TASK FORCE,1/27/2014,"$1,184.99 ",$27.25 ,0.23,$272.54 ,$272.54 ,Successful,1/28/2014,,TF-311-028,,,3605014298,"$3,000 ",$0.00 ,$912.44 ,Enterprise,0
Diamond 'Rock Star' Pendant,80178,DRUG TASK FORCE,1/28/2014,"$3,725.00 ",$85.68 ,0.23,$856.75 ,$856.75 ,Successful,1/28/2014,,TF-311-002A,,,3604995687,"$3,000 ",$0.00 ,"$2,868.25 ",Enterprise,0
Radios & Equipment,80180,MDHA,1/23/2014,"$1,640.00 ",$37.72 ,0.23,$377.20 ,$377.20 ,Successful,1/23/2014,,MDHA-75890,,,3604647986,"$3,000 ",$0.00 ,"$1,262.80 ",Enterprise,0
Men's Watch,80181,DRUG TASK FORCE,1/29/2014,$45.01 ,$1.04 ,0.23,$10.35 ,$10.35 ,Successful,1/29/2014,,TF-311-025C,,,3605105845,"$3,000 ",$0.00 ,$34.65 ,Enterprise,0
13 Boxes of Law Books,80182,POLICE DEPARTMENT,1/23/2014,$11.15 ,$0.26 ,0.23,$2.56 ,$2.56 ,Successful,1/27/2014,,75537,,,3604932190,"$3,000 ",$0.00 ,$8.58 ,General Fund,0
3 File Cabinets,80185,POLICE DEPARTMENT,1/23/2014,$27.00 ,$0.62 ,0.23,$6.21 ,$6.21 ,Successful,1/28/2014,,"76103, 76104, 76105",,,3604987886,"$3,000 ",$0.00 ,$20.79 ,General Fund,0
4 File Cabinets,80186,POLICE DEPARTMENT,1/23/2014,$16.00 ,$0.37 ,0.23,$3.68 ,$3.68 ,Successful,1/28/2014,,"76108, 76109, 76116, 76117",,,3604987895,"$3,000 ",$0.00 ,$12.32 ,General Fund,0
3 File Cabinets,80187,POLICE DEPARTMENT,1/23/2014,$57.00 ,$1.31 ,0.23,$13.11 ,$13.11 ,Successful,1/23/2014,,"76110, 76111, 76120",,,3604649170,"$3,000 ",$0.00 ,$43.89 ,General Fund,0
2 File Cabinets,80188,POLICE DEPARTMENT,1/23/2014,$56.00 ,$1.29 ,0.23,$12.88 ,$12.88 ,Successful,1/23/2014,,"76114, 76119",,,3604649183,"$3,000 ",$0.00 ,$43.12 ,General Fund,0
3 File Cabinets,80189,POLICE DEPARTMENT,1/23/2014,$16.55 ,$0.38 ,0.23,$3.80 ,$3.80 ,Successful,1/23/2014,,"76106, 76107, 76115",,,3604649195,"$3,000 ",$0.00 ,$12.74 ,General Fund,0
Assorted Parts,80196,WATER SERVICES,1/23/2014,$452.00 ,$10.40 ,0.23,$103.96 ,$103.96 ,Successful,1/27/2014,,WS-76166B,,,3604882569,"$3,000 ",$0.00 ,$348.04 ,Enterprise,0
1 Lot of Cable,80197,WATER SERVICES,1/23/2014,$238.00 ,$5.47 ,0.23,$54.74 ,$54.74 ,Successful,1/23/2014,,WS-76166A,,,3604676841,"$3,000 ",$0.00 ,$183.26 ,Enterprise,0
1 Pallet of Service Saddles,80198,WATER SERVICES,1/23/2014,$62.00 ,$1.43 ,0.23,$14.26 ,$14.26 ,Successful,1/27/2014,,WS-76168A,,,3604882585,"$3,000 ",$0.00 ,$47.74 ,Enterprise,0
Assorted Parts,80199,WATER SERVICES,1/23/2014,$370.00 ,$8.51 ,0.23,$85.10 ,$85.10 ,Successful,1/27/2014,,WS-76168B,,,3604882601,"$3,000 ",$0.00 ,$284.90 ,Enterprise,0
Assorted Parts,80200,WATER SERVICES,1/23/2014,$37.00 ,$0.00 ,0.23,$8.51 ,$8.51 ,Successful,1/23/2014,,WS-76167,,,Money Order,"$3,000 ",$0.00 ,$28.49 ,Enterprise,0
Assorted Parts,80201,WATER SERVICES,1/23/2014,$40.00 ,$0.00 ,0.23,$9.20 ,$9.20 ,Successful,1/23/2014,,WS-76169,,,Money Order,"$3,000 ",$0.00 ,$30.80 ,Enterprise,0
Sink,80202,NASHVILLE CONVENTION CTR,1/23/2014,$81.00 ,$1.86 ,0.23,$18.63 ,$18.63 ,Successful,1/27/2014,,NCC-75601,,,3604906914,"$3,000 ",$0.00 ,$62.37 ,Enterprise,0
Booth,80204,NASHVILLE CONVENTION CTR,1/23/2014,$34.01 ,$0.78 ,0.23,$7.82 ,$7.82 ,Successful,1/23/2014,,NCC-75739,,,3604669948,"$3,000 ",$0.00 ,$26.18 ,Enterprise,0
Warmer,80205,NASHVILLE CONVENTION CTR,1/23/2014,$306.00 ,$0.00 ,0.23,$70.38 ,$70.38 ,Successful,1/23/2014,,NCC-75598,,,Cashiers Check,"$3,000 ",$0.00 ,$235.62 ,Enterprise,0
Warmer,80206,NASHVILLE CONVENTION CTR,1/23/2014,$326.00 ,$0.00 ,0.23,$74.98 ,$74.98 ,Successful,1/23/2014,,NCC-75597,,,Cashiers Check,"$3,000 ",$0.00 ,$251.02 ,Enterprise,0
Large Wooden Picture Frame,80207,NASHVILLE CONVENTION CTR,1/23/2014,$4.50 ,$0.10 ,0.23,$1.03 ,$1.03 ,Successful,1/30/2014,,NCC-75480,,,3605135530,"$3,000 ",$0.00 ,$3.46 ,Enterprise,0
Dell Laptop w/Bag,80208,ITS,1/23/2014,$68.01 ,$1.56 ,0.23,$15.64 ,$15.64 ,Successful,1/30/2014,,74577,,,3605130826,"$3,000 ",$0.00 ,$52.36 ,General Fund,0
Dell Laptop w/Bag,80209,ITS,1/23/2014,$50.01 ,$1.15 ,0.23,$11.50 ,$11.50 ,Successful,1/23/2014,,74580,,,3604672974,"$3,000 ",$0.00 ,$38.50 ,General Fund,0
Dell Laptop w/Bag,80210,ITS,1/23/2014,$52.00 ,$1.20 ,0.23,$11.96 ,$11.96 ,Successful,1/23/2014,,74581,,,3604662600,"$3,000 ",$0.00 ,$40.04 ,General Fund,0
Dell Laptop w/Bag,80211,ITS,1/23/2014,$150.00 ,$0.00 ,0.23,$34.50 ,$34.50 ,Successful,1/27/2014,,75424,,,Money Order,"$3,000 ",$0.00 ,$115.50 ,General Fund,0
Dell Laptop w/Bag,80212,ITS,1/23/2014,$155.00 ,$0.00 ,0.23,$35.65 ,$35.65 ,Successful,1/27/2014,,75431,,,Money Order,"$3,000 ",$0.00 ,$119.35 ,General Fund,0
Dell Laptop w/Bag,80213,ITS,1/23/2014,$155.00 ,$0.00 ,0.23,$35.65 ,$35.65 ,Successful,1/27/2014,,75422,,,Money Order,"$3,000 ",$0.00 ,$119.35 ,General Fund,0
Dell Laptop w/Bag,80214,ITS,1/23/2014,$135.00 ,$3.10 ,0.23,$31.05 ,$31.05 ,Successful,1/23/2014,,74596,,,3604669080,"$3,000 ",$0.00 ,$103.95 ,General Fund,0
Dell Laptop w/Bag,80215,ITS,1/23/2014,$98.00 ,$2.25 ,0.23,$22.54 ,$22.54 ,Successful,1/30/2014,,74589,,,3605130836,"$3,000 ",$0.00 ,$75.46 ,General Fund,0
Dell Laptop w/Bag,80216,ITS,1/23/2014,$71.00 ,$1.63 ,0.23,$16.33 ,$16.33 ,Successful,1/30/2014,,74594,,,3605130849,"$3,000 ",$0.00 ,$54.67 ,General Fund,0
1975 Chevrolet Caprice Convertible,80217,DRUG TASK FORCE,1/23/2014,"$10,900.00 ",$250.70 ,0.23,"$2,507.00 ","$2,507.00 ",Successful,1/28/2014,,TF-311-065,,,3604990440,"$3,000 ",$0.00 ,"$8,393.00 ",Enterprise,0
Dell Laptop w/Bag,80219,ITS,1/23/2014,$50.00 ,$0.00 ,0.23,$11.50 ,$11.50 ,Successful,1/27/2014,,74560,,,Money Order,"$3,000 ",$0.00 ,$38.50 ,General Fund,0
2008 Chevrolet Impala,80220,OFM-POLICE,1/23/2014,$995.02 ,$0.00 ,0.23,$228.85 ,$228.85 ,Successful,1/23/2014,80008583,,1696 JH,,Cashiers Check,"$3,000 ",$0.00 ,$766.16 ,Enterprise,0
Weed Eater,80221,HEALTH,1/23/2014,$43.00 ,$0.99 ,0.23,$9.89 ,$9.89 ,Successful,1/23/2014,,76056,,,3604669962,"$3,000 ",$0.00 ,$33.11 ,General Fund,0
2005 Chevrolet Impala,80222,OFM-POLICE,1/23/2014,$650.00 ,$0.00 ,0.23,$149.50 ,$149.50 ,Successful,1/30/2014,80003452,,P 7493 AM,,Money Order,"$3,000 ",$0.00 ,$500.50 ,Enterprise,0
2009 Chevrolet Impala,80223,OFM-POLICE,1/23/2014,$765.00 ,$17.60 ,0.23,$175.95 ,$175.95 ,Successful,1/23/2014,80014043,,1998 JI,,3604657711,"$3,000 ",$0.00 ,$589.05 ,Enterprise,0
Pro Force Blower,80224,HEALTH,1/23/2014,$42.00 ,$0.97 ,0.23,$9.66 ,$9.66 ,Successful,1/23/2014,,76059,,,3604669983,"$3,000 ",$0.00 ,$32.34 ,General Fund,0
2000 John Deere Turf Tractor,80225,OFM-PARKS,1/23/2014,"$4,875.00 ",$0.00 ,0.23,"$1,121.25 ","$1,121.25 ",Successful,1/27/2014,219435,,29 5028,,Cashiers Check,"$3,000 ",$0.00 ,"$3,753.75 ",Enterprise,0
Stihl Hedge Trimmer,80226,HEALTH,1/23/2014,$78.25 ,$1.80 ,0.23,$17.99 ,$17.99 ,Successful,1/27/2014,,76058,,,3604906933,"$3,000 ",$0.00 ,$60.25 ,General Fund,0
Floor Jack,80227,HEALTH,1/23/2014,$60.01 ,$1.38 ,0.23,$13.80 ,$13.80 ,Successful,1/23/2014,,76057,,,3604669996,"$3,000 ",$0.00 ,$46.20 ,General Fund,0
2003 Bobcat Zero Turn Mower,80229,OFM-SHERIFF,1/23/2014,"$1,975.00 ",$0.00 ,0.23,$454.25 ,$454.25 ,Successful,1/30/2014,80000814,,34093,,Cashiers Check,"$3,000 ",$0.00 ,"$1,520.75 ",Enterprise,0
2003 Bobcat Zero Turn Mower,80230,OFM-SHERIFF,1/23/2014,"$2,025.00 ",$0.00 ,0.23,$465.75 ,$465.75 ,Successful,1/28/2014,80000816,,34095,,Cashiers Check,"$3,000 ",$0.00 ,"$1,559.25 ",Enterprise,0
Dell Laptop,80231,ITS,1/27/2014,$43.51 ,$1.00 ,0.23,$10.00 ,$10.00 ,Successful,1/30/2014,,70105,,,3605130003,"$3,000 ",$0.00 ,$33.50 ,General Fund,0
Dell Laptop,80232,ITS,1/27/2014,$37.51 ,$0.86 ,0.23,$8.62 ,$8.62 ,Successful,1/28/2014,,70106,,,3605010182,"$3,000 ",$0.00 ,$28.88 ,General Fund,0
Dell Laptop,80233,ITS,1/27/2014,$37.51 ,$0.86 ,0.23,$8.62 ,$8.62 ,Successful,1/30/2014,,70062,,,3605130014,"$3,000 ",$0.00 ,$28.88 ,General Fund,0
Dell Laptop,80234,ITS,1/27/2014,$45.00 ,$1.04 ,0.23,$10.35 ,$10.35 ,Successful,1/28/2014,,70061,,,3605001742,"$3,000 ",$0.00 ,$34.65 ,General Fund,0
Dell Laptop,80235,ITS,1/27/2014,$42.00 ,$0.97 ,0.23,$9.66 ,$9.66 ,Successful,1/28/2014,,70063,,,3605001764,"$3,000 ",$0.00 ,$32.34 ,General Fund,0
Dell Laptop,80236,ITS,1/27/2014,$38.60 ,$0.89 ,0.23,$8.87 ,$8.87 ,Successful,1/30/2014,,70064,,,3605130026,"$3,000 ",$0.00 ,$29.72 ,General Fund,0
Dell Laptop,80237,ITS,1/27/2014,$37.51 ,$0.86 ,0.23,$8.62 ,$8.62 ,Successful,1/30/2014,,71620,,,3605130038,"$3,000 ",$0.00 ,$28.88 ,General Fund,0
Dell Laptop,80241,ITS,1/27/2014,$2.00 ,$0.05 ,0.23,$0.46 ,$0.46 ,Successful,1/28/2014,,70108,,,3605011670,"$3,000 ",$0.00 ,$1.54 ,General Fund,0
Lanier Cassette Duplicator,80244,DISTRICT ATTORNEY,1/27/2014,$6.50 ,$0.15 ,0.23,$1.49 ,$1.49 ,Successful,1/28/2014,,DA-71498,,,3604965437,"$3,000 ",$0.00 ,$5.00 ,Enterprise,0
Dell Computer,80245,DISTRICT ATTORNEY,1/27/2014,$2.00 ,$0.05 ,0.23,$0.46 ,$0.46 ,Successful,1/27/2014,,DA-71490,,,3604911586,"$3,000 ",$0.00 ,$1.54 ,Enterprise,0
6 Wheel Dolly,80246,NASHVILLE CONVENTION CTR,1/27/2014,$25.01 ,$0.58 ,0.23,$5.75 ,$5.75 ,Successful,1/29/2014,,NCC-76711,,,3605069696,"$3,000 ",$0.00 ,$19.25 ,Enterprise,0
Crystal Springs Water Machine,80247,NASHVILLE CONVENTION CTR,1/27/2014,$52.00 ,$1.20 ,0.23,$11.96 ,$11.96 ,Successful,1/29/2014,,NCC-76379A,,,3605077567,"$3,000 ",$0.00 ,$40.04 ,Enterprise,0
Ladder,80249,NASHVILLE CONVENTION CTR,1/27/2014,$6.02 ,$0.14 ,0.23,$1.38 ,$1.38 ,Successful,1/27/2014,,NCC-76459,,,3604908472,"$3,000 ",$0.00 ,$4.63 ,Enterprise,0
Step Ladder,80252,NASHVILLE CONVENTION CTR,1/27/2014,$16.01 ,$0.37 ,0.23,$3.68 ,$3.68 ,Successful,1/29/2014,,NCC-76458,,,3605070044,"$3,000 ",$0.00 ,$12.32 ,Enterprise,0
6 Barriers,80253,NASHVILLE CONVENTION CTR,1/27/2014,$38.00 ,$0.87 ,0.23,$8.74 ,$8.74 ,Successful,1/27/2014,,"NCC-76457, NCC-76721",,,3604923509,"$3,000 ",$0.00 ,$29.26 ,Enterprise,0
9 Stands,80254,NASHVILLE CONVENTION CTR,1/27/2014,$8.17 ,$0.19 ,0.23,$1.87 ,$1.87 ,Successful,1/27/2014,,NCC-76398,,,3604908138,"$3,000 ",$0.00 ,$6.29 ,Enterprise,0
"Toshiba 32"" Television",80255,NASHVILLE CONVENTION CTR,1/27/2014,$7.77 ,$0.18 ,0.23,$1.78 ,$1.78 ,Successful,1/30/2014,,NCC-76432,,,3605146042,"$3,000 ",$0.00 ,$5.98 ,Enterprise,0
Powermatic Table Saw,80256,NASHVILLE CONVENTION CTR,1/27/2014,$437.23 ,$10.06 ,0.23,$100.56 ,$100.56 ,Successful,1/27/2014,,NCC-77222,,,3604931107,"$3,000 ",$0.00 ,$336.66 ,Enterprise,0
Krueger Table,80257,NASHVILLE CONVENTION CTR,1/27/2014,$4.01 ,$0.00 ,0.23,$0.92 ,$0.92 ,Successful,1/30/2014,,NCC-76451,,,Money Order,"$3,000 ",$0.00 ,$3.08 ,Enterprise,0
15 DVD's,80264,DRUG TASK FORCE,1/28/2014,$17.00 ,$0.39 ,0.23,$3.91 ,$3.91 ,Successful,1/28/2014,,TF-311-022B,,,3604994277,"$3,000 ",$0.00 ,$13.09 ,Enterprise,0
15 DVD's,80266,DRUG TASK FORCE,1/28/2014,$11.00 ,$0.25 ,0.23,$2.53 ,$2.53 ,Successful,1/30/2014,,TF-311-022E,,,3605141206,"$3,000 ",$0.00 ,$8.47 ,Enterprise,0
10 Stackable Chairs,80269,NASHVILLE CONVENTION CTR,1/30/2014,$57.00 ,$1.31 ,0.23,$13.11 ,$13.11 ,Successful,1/30/2014,,NCC-74908,,,3605146985,"$3,000 ",$0.00 ,$43.89 ,Enterprise,0
10 Chairs,80270,NASHVILLE CONVENTION CTR,1/30/2014,$9.51 ,$0.00 ,0.23,$2.18 ,$2.18 ,Successful,1/30/2014,,NCC-74907,,,Cashiers Check,"$3,000 ",$0.00 ,$7.32 ,Enterprise,0
10 Stackable Chairs,80271,NASHVILLE CONVENTION CTR,1/30/2014,$16.00 ,$0.00 ,0.23,$3.68 ,$3.68 ,Successful,1/30/2014,,NCC-74905,,,Cashiers Check,"$3,000 ",$0.00 ,$12.32 ,Enterprise,0
Metal Desk,80276,NASHVILLE CONVENTION CTR,1/30/2014,$8.00 ,$0.18 ,0.23,$1.84 ,$1.84 ,Successful,1/31/2014,,NCC-74472,,,3605252500,"$3,000 ",$0.00 ,$6.16 ,Enterprise,0
End Table,80283,WATER SERVICES,1/30/2014,$6.00 ,$0.14 ,0.23,$1.38 ,$1.38 ,Successful,1/30/2014,,WS-74747,,,3605151370,"$3,000 ",$0.00 ,$4.62 ,Enterprise,0
Office Chair,80285,WATER SERVICES,1/30/2014,$46.00 ,$1.06 ,0.23,$10.58 ,$10.58 ,Successful,1/30/2014,,WS-74751,,,3605152886,"$3,000 ",$0.00 ,$35.42 ,Enterprise,0
Wooden Table,80289,WATER SERVICES,1/30/2014,$18.00 ,$0.41 ,0.23,$4.14 ,$4.14 ,Successful,1/30/2014,,WS-74766,,,3605200733,"$3,000 ",$0.00 ,$13.86 ,Enterprise,0
2003 Toyota Camry,80302,DRUG TASK FORCE,1/30/2014,"$2,455.00 ",$0.00 ,0.23,$564.65 ,$564.65 ,Successful,1/30/2014,,TF-312-064,,939206,Money Order,"$3,000 ",$0.00 ,"$1,890.35 ",Enterprise,0
Hobart 512 Slicer,79916,SCHOOL BOARD WAREHOUSE,1/6/2014,$103.00 ,$2.37 ,0.23,$23.69 ,$23.69 ,Successful,2/18/2014,,SBS-6206,,,3606505419,"$3,000 ",$0.00 ,$79.31 ,Enterprise,0
Assorted Kitchen Ware,79923,SCHOOL BOARD WAREHOUSE,1/6/2014,$89.56 ,$2.06 ,0.23,$20.60 ,$20.60 ,Successful,2/18/2014,,SBS-6215B,,,3606505439,"$3,000 ",$0.00 ,$68.96 ,Enterprise,0
Kitchen Ware,79927,SCHOOL BOARD WAREHOUSE,1/6/2014,$57.00 ,$1.31 ,0.23,$13.11 ,$13.11 ,Successful,2/18/2014,,SBS-6215F,,,3606505460,"$3,000 ",$0.00 ,$43.89 ,Enterprise,0
Steamer,79933,SCHOOL BOARD WAREHOUSE,1/6/2014,$205.00 ,$4.72 ,0.23,$47.15 ,$47.15 ,Successful,2/18/2014,,SBS-6197,,,3606505480,"$3,000 ",$0.00 ,$157.85 ,Enterprise,0
Table w/Wheels,79953,NASHVILLE CONVENTION CTR,1/7/2014,$30.00 ,$0.69 ,0.23,$6.90 ,$6.90 ,Successful,2/18/2014,,NCC-75656,,,3606505498,"$3,000 ",$0.00 ,$23.10 ,Enterprise,0
Panasonic Color High Speed Scanner,79967,FINANCE,1/8/2014,$248.01 ,$5.70 ,0.23,$57.04 ,$57.04 ,Successful,2/18/2014,,73637,,,3606505520,"$3,000 ",$0.00 ,$190.97 ,General Fund,0
1 Box of Assorted Pen Lights,79972,PUBLIC LIBRARY,1/8/2014,$21.00 ,$0.48 ,0.23,$4.83 ,$4.83 ,Successful,2/4/2014,,75565,,,3605508505,"$3,000 ",$0.00 ,$16.17 ,General Fund,0
"Vacant Land - 433 Roger Williams Avenue, Nashville, TN 37207",79975,PUBLIC PROPERTY,1/16/2014,"$7,601.00 ",$0.00 ,0.03,$228.03 ,$228.03 ,Successful,2/21/2014,,RPS-14014,,,Cashiers Check,$0 ,$0.00 ,"$7,372.97 ",General Fund,0
Kid Size CPU Desk,80002,METRO ACTION,1/9/2014,$17.00 ,$0.39 ,0.23,$3.91 ,$3.91 ,Successful,2/5/2014,,MAC-74068,,,3605571334,"$3,000 ",$0.00 ,$13.09 ,Enterprise,0
2 Chairs,80005,METRO ACTION,1/9/2014,$3.00 ,$0.07 ,0.23,$0.69 ,$0.69 ,Successful,2/4/2014,,"MAC-74103, MAC-74157",,,3605507970,"$3,000 ",$0.00 ,$2.31 ,Enterprise,0
Chair,80007,METRO ACTION,1/9/2014,$3.00 ,$0.07 ,0.23,$0.69 ,$0.69 ,Successful,2/4/2014,,MAC-74100,,,3605508172,"$3,000 ",$0.00 ,$2.31 ,Enterprise,0
Dell Laptop,80016,ITS,1/9/2014,$43.00 ,$0.99 ,0.23,$9.89 ,$9.89 ,Successful,2/4/2014,,74559,,,3605508697,"$3,000 ",$0.00 ,$33.11 ,General Fund,0
Hamilton Music Stand,80020,NASHVILLE CONVENTION CTR,1/14/2014,$10.00 ,$0.23 ,0.23,$2.30 ,$2.30 ,Successful,2/12/2014,,NCC-75651,,,3606171274,"$3,000 ",$0.00 ,$7.70 ,Enterprise,0
21 Oxygen Regulators,80034,FIRE,1/14/2014,$27.00 ,$0.62 ,0.23,$6.21 ,$6.21 ,Successful,2/18/2014,,75891,,,3606505532,"$3,000 ",$0.00 ,$20.79 ,General Fund,0
2 GM Transmission Cores,80045,OFM,1/14/2014,$42.00 ,$0.97 ,0.23,$9.66 ,$9.66 ,Successful,2/12/2014,,OFM-76218A,,,3606113381,"$3,000 ",$0.00 ,$32.34 ,Enterprise,0
2 GM Transmission Cores,80046,OFM,1/14/2014,$32.00 ,$0.74 ,0.23,$7.36 ,$7.36 ,Successful,2/12/2014,,OFM-76218B,,,3606113398,"$3,000 ",$0.00 ,$24.64 ,Enterprise,0
GM Transmission Core,80047,OFM,1/14/2014,$21.00 ,$0.00 ,0.23,$4.83 ,$4.83 ,Successful,2/12/2014,,OFM-76218C,,,Money Order,"$3,000 ",$0.00 ,$16.17 ,Enterprise,0
Sunglasses,80066,DRUG TASK FORCE,1/13/2014,$25.00 ,$0.58 ,0.23,$5.75 ,$5.75 ,Successful,2/12/2014,,TF-311-033D,,,3606145056,"$3,000 ",$0.00 ,$19.25 ,Enterprise,0
Sunglasses,80068,DRUG TASK FORCE,1/13/2014,$33.00 ,$0.76 ,0.23,$7.59 ,$7.59 ,Successful,2/12/2014,,TF-311-033F,,,3606145066,"$3,000 ",$0.00 ,$25.41 ,Enterprise,0
Sunglasses,80070,DRUG TASK FORCE,1/13/2014,$88.00 ,$2.02 ,0.23,$20.24 ,$20.24 ,Successful,2/12/2014,,TF-311-033H,,,3606145932,"$3,000 ",$0.00 ,$67.76 ,Enterprise,0
Sunglasses w/ Case,80071,DRUG TASK FORCE,1/14/2014,$52.00 ,$0.00 ,0.23,$11.96 ,$11.96 ,Successful,2/5/2014,,TF-311-033I,,,Money Order,"$3,000 ",$0.00 ,$40.04 ,Enterprise,0
Dell Laptop w/Bag,80081,ITS,1/15/2014,$74.35 ,$1.71 ,0.23,$17.10 ,$17.10 ,Successful,2/4/2014,,74544,,,3605526330,"$3,000 ",$0.00 ,$57.25 ,General Fund,0
T-Mobile G1 Shells,80085,POLICE STATE FELONY FORFEITURE,1/16/2014,$2.00 ,$0.05 ,0.23,$0.46 ,$0.46 ,Successful,2/4/2014,,PSFF-34-018,,,3605484967,"$3,000 ",$0.00 ,$1.54 ,Enterprise,0
T-Mobile G1 Shells,80088,POLICE STATE FELONY FORFEITURE,1/16/2014,$1.00 ,$0.02 ,0.23,$0.23 ,$0.23 ,Successful,2/4/2014,,PSFF-34-017,,,3605484969,"$3,000 ",$0.00 ,$0.77 ,Enterprise,0
Cubby,80106,METRO ACTION,1/16/2014,$78.00 ,$1.79 ,0.23,$17.94 ,$17.94 ,Successful,2/13/2014,,MAC-74021C,,,3606185719,"$3,000 ",$0.00 ,$60.06 ,Enterprise,0
Ladies Sunglasses,80124,DRUG TASK FORCE,1/21/2014,$11.00 ,$0.00 ,0.23,$2.53 ,$2.53 ,Successful,2/5/2014,,TF-311-056B,,,Cashiers Check,"$3,000 ",$0.00 ,$8.47 ,Enterprise,0
Dell Laptop,80127,ITS,1/21/2014,$155.00 ,$3.56 ,0.23,$35.65 ,$35.65 ,Successful,2/17/2014,,75989,,,3606481109,"$3,000 ",$0.00 ,$119.35 ,General Fund,0
Dell Laptop,80133,ITS,1/21/2014,$52.00 ,$1.20 ,0.23,$11.96 ,$11.96 ,Successful,2/4/2014,,75984,,,3605517585,"$3,000 ",$0.00 ,$40.04 ,General Fund,0
Dell Laptop,80134,ITS,1/21/2014,$52.00 ,$1.20 ,0.23,$11.96 ,$11.96 ,Successful,2/4/2014,,75982,,,3605517604,"$3,000 ",$0.00 ,$40.04 ,General Fund,0
Dell Laptop,80135,ITS,1/21/2014,$62.00 ,$1.43 ,0.23,$14.26 ,$14.26 ,Successful,2/4/2014,,75981,,,3605517614,"$3,000 ",$0.00 ,$47.74 ,General Fund,0
3 Apollo Projection Screens,80166,SCHOOL BOARD WAREHOUSE,1/22/2014,$27.50 ,$0.63 ,0.23,$6.33 ,$6.33 ,Successful,2/3/2014,,SBS-6148B,,,3605430521,"$3,000 ",$0.00 ,$21.18 ,Enterprise,0
Upright Piano,80167,SCHOOL BOARD WAREHOUSE,1/22/2014,$47.00 ,$1.08 ,0.23,$10.81 ,$10.81 ,Successful,2/3/2014,,SBS-6219,,,3605450583,"$3,000 ",$0.00 ,$36.19 ,Enterprise,0
Ladies Diamond Cluster Ring,80169,DRUG TASK FORCE,1/22/2014,$600.00 ,$0.00 ,0.23,$138.00 ,$138.00 ,Successful,2/11/2014,,TF-311-010,,,Money Order,"$3,000 ",$0.00 ,$462.00 ,Enterprise,0
Diamond Cluster Earrings,80170,DRUG TASK FORCE,1/22/2014,$320.00 ,$7.36 ,0.23,$73.60 ,$73.60 ,Successful,2/21/2014,,TF-311-018,,,3606791030,"$3,000 ",$0.00 ,$246.40 ,Enterprise,0
10Kt White Gold Diamond Chain,80175,DRUG TASK FORCE,1/27/2014,$775.00 ,$0.00 ,0.23,$178.25 ,$178.25 ,Successful,2/11/2014,,TF-311-002B,,,Cashiers Check,"$3,000 ",$0.00 ,$596.75 ,Enterprise,0
'Shrek' Diamond Pendant,80183,DRUG TASK FORCE,1/30/2014,"$1,725.00 ",$0.00 ,0.23,$396.75 ,$396.75 ,Successful,2/11/2014,,TF-311-005A,,,Cashiers Check,"$3,000 ",$0.00 ,"$1,328.25 ",Enterprise,0
10kt White Gold Diamond Chain,80190,DRUG TASK FORCE,1/30/2014,$965.00 ,$0.00 ,0.23,$221.95 ,$221.95 ,Successful,2/11/2014,,TF-311-005B,,,Cashiers Check,"$3,000 ",$0.00 ,$743.05 ,Enterprise,0
Necklace w/ 2 Heart Pendants,80191,DRUG TASK FORCE,1/30/2014,$68.00 ,$1.56 ,0.23,$15.64 ,$15.64 ,Successful,2/1/2014,,TF-311-015,,,3605319230,"$3,000 ",$0.00 ,$52.36 ,Enterprise,0
10kt White Gold Diamond Pendant,80192,DRUG TASK FORCE,2/3/2014,$565.00 ,$13.00 ,0.23,$129.95 ,$129.95 ,Successful,2/4/2014,,TF-311-007A,,,3605509551,"$3,000 ",$0.00 ,$435.05 ,Enterprise,0
10kt White Gold Foxtail Chain,80193,DRUG TASK FORCE,2/3/2014,$760.00 ,$0.00 ,0.23,$174.80 ,$174.80 ,Successful,2/6/2014,,TF-311-007B,,,Money Order,"$3,000 ",$0.00 ,$585.20 ,Enterprise,0
Men's Watch,80194,DRUG TASK FORCE,2/4/2014,$43.01 ,$0.99 ,0.23,$9.89 ,$9.89 ,Successful,2/4/2014,,TF-311-025D,,,3605509564,"$3,000 ",$0.00 ,$33.12 ,Enterprise,0
10kt White Gold Diamond Cross Pendant,80195,DRUG TASK FORCE,2/4/2014,$806.00 ,$0.00 ,0.23,$185.38 ,$185.38 ,Successful,2/6/2014,,TF-311-006,,,Money Order,"$3,000 ",$0.00 ,$620.62 ,Enterprise,0
Dell Laptop,80238,ITS,1/27/2014,$34.00 ,$0.78 ,0.23,$7.82 ,$7.82 ,Successful,2/17/2014,,70113,,,3606436692,"$3,000 ",$0.00 ,$26.18 ,General Fund,0
Dell Laptop,80239,ITS,1/27/2014,$35.51 ,$0.82 ,0.23,$8.17 ,$8.17 ,Successful,2/17/2014,,70112,,,3606436715,"$3,000 ",$0.00 ,$27.34 ,General Fund,0
Dell Laptop,80240,ITS,1/27/2014,$30.00 ,$0.69 ,0.23,$6.90 ,$6.90 ,Successful,2/17/2014,,70107,,,3606436727,"$3,000 ",$0.00 ,$23.10 ,General Fund,0
3 Metal File Racks,80243,DRUG TASK FORCE,1/27/2014,$2.00 ,$0.05 ,0.23,$0.46 ,$0.46 ,Successful,2/4/2014,,TF-73035,,,3605526361,"$3,000 ",$0.00 ,$1.54 ,Enterprise,0
Rubbermaid Cart,80248,NASHVILLE CONVENTION CTR,1/27/2014,$32.00 ,$0.74 ,0.23,$7.36 ,$7.36 ,Successful,2/3/2014,,NCC-76379,,,3605450609,"$3,000 ",$0.00 ,$24.64 ,Enterprise,0
Metal Cart,80250,NASHVILLE CONVENTION CTR,1/27/2014,$3.02 ,$0.07 ,0.23,$0.69 ,$0.69 ,Successful,2/3/2014,,NCC-76480,,,3605450622,"$3,000 ",$0.00 ,$2.33 ,Enterprise,0
Mariani Cart,80251,NASHVILLE CONVENTION CTR,1/27/2014,$6.01 ,$0.14 ,0.23,$1.38 ,$1.38 ,Successful,2/3/2014,,NCC-76465A,,,3605450632,"$3,000 ",$0.00 ,$4.63 ,Enterprise,0
Round Table,80258,NASHVILLE CONVENTION CTR,1/27/2014,$27.00 ,$0.62 ,0.23,$6.21 ,$6.21 ,Successful,2/3/2014,,NCC-76415,,,3605430540,"$3,000 ",$0.00 ,$20.79 ,Enterprise,0
Round Table,80259,NASHVILLE CONVENTION CTR,1/27/2014,$27.00 ,$0.62 ,0.23,$6.21 ,$6.21 ,Successful,2/3/2014,,NCC-76481,,,3605430564,"$3,000 ",$0.00 ,$20.79 ,Enterprise,0
Diamond Cross Pendant and Chain,80260,DRUG TASK FORCE,2/5/2014,$283.00 ,$0.00 ,0.23,$65.09 ,$65.09 ,Successful,2/11/2014,,TF-310-021,,,Cashiers Check,"$3,000 ",$0.00 ,$217.91 ,Enterprise,0
Diamond Mouse Pendant,80261,DRUG TASK FORCE,2/5/2014,$825.00 ,$0.00 ,0.23,$189.75 ,$189.75 ,Successful,2/6/2014,,TF-310-019B,,,Money Order,"$3,000 ",$0.00 ,$635.25 ,Enterprise,0
Burberry Purse,80263,DRUG TASK FORCE,1/28/2014,$41.00 ,$0.94 ,0.23,$9.43 ,$9.43 ,Successful,2/11/2014,,TF-311-036T,,,3606027063,"$3,000 ",$0.00 ,$31.57 ,Enterprise,0
15 DVD's,80265,DRUG TASK FORCE,1/28/2014,$17.00 ,$0.39 ,0.23,$3.91 ,$3.91 ,Successful,2/26/2014,,TF-311-022D,,,3607192725,"$3,000 ",$0.00 ,$13.09 ,Enterprise,0
15 DVD's,80267,DRUG TASK FORCE,1/28/2014,$17.00 ,$0.39 ,0.23,$3.91 ,$3.91 ,Successful,2/3/2014,,TF-311-022F,,,3605472840,"$3,000 ",$0.00 ,$13.09 ,Enterprise,0
16 DVD's,80268,DRUG TASK FORCE,1/28/2014,$13.00 ,$0.30 ,0.23,$2.99 ,$2.99 ,Successful,2/26/2014,,TF-311-022C,,,3607192747,"$3,000 ",$0.00 ,$10.01 ,Enterprise,0
Table,80272,NASHVILLE CONVENTION CTR,1/30/2014,$3.02 ,$0.07 ,0.23,$0.69 ,$0.69 ,Successful,2/26/2014,,NCC-74339,,,3607188455,"$3,000 ",$0.00 ,$2.33 ,Enterprise,0
Table,80273,NASHVILLE CONVENTION CTR,1/30/2014,$5.00 ,$0.12 ,0.23,$1.15 ,$1.15 ,Successful,2/26/2014,,NCC-74340,,,3607188469,"$3,000 ",$0.00 ,$3.85 ,Enterprise,0
Table,80274,NASHVILLE CONVENTION CTR,1/30/2014,$1.00 ,$0.02 ,0.23,$0.23 ,$0.23 ,Successful,2/26/2014,,NCC-74370,,,3607188494,"$3,000 ",$0.00 ,$0.77 ,Enterprise,0
Table,80275,NASHVILLE CONVENTION CTR,1/30/2014,$5.01 ,$0.12 ,0.23,$1.15 ,$1.15 ,Successful,2/8/2014,,NCC-74341,,,3605865703,"$3,000 ",$0.00 ,$3.86 ,Enterprise,0
2 Crowd Control Posts,80277,NASHVILLE CONVENTION CTR,1/30/2014,$11.00 ,$0.25 ,0.23,$2.53 ,$2.53 ,Successful,2/25/2014,,NCC-74372,,,3607073754,"$3,000 ",$0.00 ,$8.47 ,Enterprise,0
Chair,80278,NASHVILLE CONVENTION CTR,1/30/2014,$2.00 ,$0.05 ,0.23,$0.46 ,$0.46 ,Successful,2/2/2014,,NCC-74466,,,3605383632,"$3,000 ",$0.00 ,$1.54 ,Enterprise,0
Chair,80279,NASHVILLE CONVENTION CTR,1/30/2014,$4.00 ,$0.09 ,0.23,$0.92 ,$0.92 ,Successful,2/2/2014,,NCC-74467,,,3605383640,"$3,000 ",$0.00 ,$3.08 ,Enterprise,0
2 Rolling Office Chairs,80281,NASHVILLE CONVENTION CTR,1/30/2014,$13.51 ,$0.31 ,0.23,$3.11 ,$3.11 ,Successful,2/3/2014,,"NCC-74914, NCC-74915",,,3605438015,"$3,000 ",$0.00 ,$10.40 ,Enterprise,0
Piano Bench,80282,NASHVILLE CONVENTION CTR,1/30/2014,$29.00 ,$0.67 ,0.23,$6.67 ,$6.67 ,Successful,2/4/2014,,NCC-74465,,,3605488229,"$3,000 ",$0.00 ,$22.33 ,Enterprise,0
Desk,80284,WATER SERVICES,1/30/2014,$6.00 ,$0.14 ,0.23,$1.38 ,$1.38 ,Successful,2/3/2014,,WS-74746,,,3605407317,"$3,000 ",$0.00 ,$4.62 ,Enterprise,0
Table,80287,WATER SERVICES,1/30/2014,$6.12 ,$0.14 ,0.23,$1.41 ,$1.41 ,Successful,2/26/2014,,WS-74764,,,3607156281,"$3,000 ",$0.00 ,$4.71 ,Enterprise,0
Chair,80288,WATER SERVICES,1/30/2014,$2.00 ,$0.05 ,0.23,$0.46 ,$0.46 ,Successful,2/17/2014,,WS-74750,,,3606436737,"$3,000 ",$0.00 ,$1.54 ,Enterprise,0
Round Table,80290,NASHVILLE CONVENTION CTR,1/30/2014,$9.00 ,$0.21 ,0.23,$2.07 ,$2.07 ,Successful,2/4/2014,,NCC-74456,,,3605526634,"$3,000 ",$0.00 ,$6.93 ,Enterprise,0
Round Table,80291,NASHVILLE CONVENTION CTR,1/30/2014,$9.00 ,$0.21 ,0.23,$2.07 ,$2.07 ,Successful,2/4/2014,,NCC-74459,,,3605526656,"$3,000 ",$0.00 ,$6.93 ,Enterprise,0
Round Table,80292,NASHVILLE CONVENTION CTR,1/30/2014,$6.00 ,$0.14 ,0.23,$1.38 ,$1.38 ,Successful,2/26/2014,,NCC-74457,,,3607188533,"$3,000 ",$0.00 ,$4.62 ,Enterprise,0
Round Table,80293,NASHVILLE CONVENTION CTR,1/30/2014,$9.00 ,$0.21 ,0.23,$2.07 ,$2.07 ,Successful,2/4/2014,,NCC-74458,,,3605526672,"$3,000 ",$0.00 ,$6.93 ,Enterprise,0
Round Table,80294,NASHVILLE CONVENTION CTR,1/30/2014,$1.00 ,$0.02 ,0.23,$0.23 ,$0.23 ,Successful,2/26/2014,,NCC-74447,,,3607188562,"$3,000 ",$0.00 ,$0.77 ,Enterprise,0
Round Table,80295,NASHVILLE CONVENTION CTR,1/30/2014,$5.00 ,$0.12 ,0.23,$1.15 ,$1.15 ,Successful,2/26/2014,,NCC-74448,,,3607188745,"$3,000 ",$0.00 ,$3.85 ,Enterprise,0
2 Round Tables,80296,NASHVILLE CONVENTION CTR,1/30/2014,$6.45 ,$0.15 ,0.23,$1.48 ,$1.48 ,Successful,2/26/2014,,"NCC-74444, NCC-74446",,,3607188771,"$3,000 ",$0.00 ,$4.97 ,Enterprise,0
2 Round Tables,80297,NASHVILLE CONVENTION CTR,1/30/2014,$6.77 ,$0.16 ,0.23,$1.56 ,$1.56 ,Successful,2/26/2014,,"NCC-74449, NCC-74450",,,3607188821,"$3,000 ",$0.00 ,$5.21 ,Enterprise,0
2 Round Tables,80298,NASHVILLE CONVENTION CTR,1/30/2014,$6.17 ,$0.14 ,0.23,$1.42 ,$1.42 ,Successful,2/26/2014,,"NCC-74438, NCC-74439",,,3607188867,"$3,000 ",$0.00 ,$4.75 ,Enterprise,0
1992 Oldsmobile 88 Regal,80300,POLICE STATE DRUG FUND,1/30/2014,$410.00 ,$0.00 ,0.23,$94.30 ,$94.30 ,Successful,2/6/2014,,,,668044,Money Order,"$3,000 ",$145.00 ,$170.70 ,Enterprise,0
1988 Buick LeSabre,80301,POLICE STATE DRUG FUND,1/30/2014,$308.00 ,$0.00 ,0.23,$70.84 ,$70.84 ,Successful,2/4/2014,,,,681119,Cashiers Check,"$3,000 ",$145.00 ,$92.16 ,Enterprise,0
2004 Chevrolet Tahoe,80303,DRUG TASK FORCE,1/30/2014,"$5,050.01 ",$116.15 ,0.23,"$1,161.50 ","$1,161.50 ",Successful,2/5/2014,,TF-312-063,,1034794,3605641988,"$3,000 ",$0.00 ,"$3,888.51 ",Enterprise,0
2002 Nissan Altima,80304,DRUG TASK FORCE,1/30/2014,"$3,225.00 ",$74.18 ,0.23,$741.75 ,$741.75 ,Successful,2/1/2014,,TF-312-062,,639515,3605355075,"$3,000 ",$0.00 ,"$2,483.25 ",Enterprise,0
"JVC 42"" LCD Flat Screen TV",80305,DRUG TASK FORCE,2/3/2014,$230.01 ,$0.00 ,0.23,$52.90 ,$52.90 ,Successful,2/10/2014,,TF--312-001,,,Money Order,"$3,000 ",$0.00 ,$177.11 ,Enterprise,0
"LG 50"" Plasma Flat Screen TV",80306,DRUG TASK FORCE,2/3/2014,$360.00 ,$8.28 ,0.23,$82.80 ,$82.80 ,Successful,2/3/2014,,TF-312-018,,,3605429853,"$3,000 ",$0.00 ,$277.20 ,Enterprise,0
"Sony 46"" LCD Flat Screen TV",80307,DRUG TASK FORCE,2/3/2014,$241.00 ,$0.00 ,0.23,$55.43 ,$55.43 ,Successful,2/10/2014,,TF-312-040,,,Money Order,"$3,000 ",$0.00 ,$185.57 ,Enterprise,0
"Samsung 22"" LCD Flat Screen TV",80308,DRUG TASK FORCE,2/3/2014,$103.00 ,$2.37 ,0.23,$23.69 ,$23.69 ,Successful,2/4/2014,,TF-312-021,,,3605517596,"$3,000 ",$0.00 ,$79.31 ,Enterprise,0
Couch,80310,DRUG TASK FORCE,2/3/2014,$62.00 ,$0.00 ,0.23,$14.26 ,$14.26 ,Successful,2/10/2014,,TF-312-020,,,Money Order,"$3,000 ",$0.00 ,$47.74 ,Enterprise,0
Wooden Cabinet,80311,DRUG TASK FORCE,2/3/2014,$145.00 ,$0.00 ,0.23,$33.35 ,$33.35 ,Successful,2/10/2014,,TF-312-027,,,Cashiers Check,"$3,000 ",$0.00 ,$111.65 ,Enterprise,0
Table w/4 Chairs,80312,DRUG TASK FORCE,2/3/2014,$126.00 ,$2.90 ,0.23,$28.98 ,$28.98 ,Successful,2/3/2014,,TF-312-028,,,3605429872,"$3,000 ",$0.00 ,$97.02 ,Enterprise,0
6 Dining Chairs,80313,DRUG TASK FORCE,2/3/2014,$209.33 ,$0.00 ,0.23,$48.15 ,$48.15 ,Successful,2/3/2014,,TF-312-029,,,Cashiers Check,"$3,000 ",$0.00 ,$161.18 ,Enterprise,0
"2 JL Audio W7 13"" Subwoofers",80315,DRUG TASK FORCE,2/3/2014,$630.89 ,$0.00 ,0.23,$145.10 ,$145.10 ,Successful,2/3/2014,,TF-312-025,,,Cashiers Check,"$3,000 ",$0.00 ,$485.79 ,Enterprise,0
Large Mirror,80316,DRUG TASK FORCE,2/3/2014,$62.00 ,$1.43 ,0.23,$14.26 ,$14.26 ,Successful,2/3/2014,,TF-312-026,,,3605429892,"$3,000 ",$0.00 ,$47.74 ,Enterprise,0
Small Louis Vuitton Duffel Bag,80318,DRUG TASK FORCE,2/3/2014,$490.00 ,$0.00 ,0.23,$112.70 ,$112.70 ,Successful,2/3/2014,,TF-312-061,,,Cashiers Check,"$3,000 ",$0.00 ,$377.30 ,Enterprise,0
Louis Vuitton Purse,80319,DRUG TASK FORCE,2/3/2014,$625.00 ,$14.38 ,0.23,$143.75 ,$143.75 ,Successful,2/3/2014,,TF-312-046A,,,3605427095,"$3,000 ",$0.00 ,$481.25 ,Enterprise,0
Zebco Fishing Pole,80324,DRUG TASK FORCE,2/3/2014,$11.00 ,$0.25 ,0.23,$2.53 ,$2.53 ,Successful,2/6/2014,,TF-312-030A,,,3605657969,"$3,000 ",$0.00 ,$8.47 ,Enterprise,0
Tiger Fishing Pole w/Zebco Reel,80325,DRUG TASK FORCE,2/3/2014,$25.01 ,$0.58 ,0.23,$5.75 ,$5.75 ,Successful,2/6/2014,,TF-312-030B,,,3605657977,"$3,000 ",$0.00 ,$19.26 ,Enterprise,0
Nautica Suitcase,80326,DRUG TASK FORCE,2/3/2014,$41.69 ,$0.96 ,0.23,$9.59 ,$9.59 ,Successful,2/5/2014,,TF-312-053A,,,3605646689,"$3,000 ",$0.00 ,$32.10 ,Enterprise,0
Nautica Suitcase,80327,DRUG TASK FORCE,2/3/2014,$34.57 ,$0.80 ,0.23,$7.95 ,$7.95 ,Successful,2/10/2014,,TF-312-053B,,,3605918780,"$3,000 ",$0.00 ,$26.62 ,Enterprise,0
iPhone 5,80329,DRUG TASK FORCE,2/3/2014,$340.00 ,$0.00 ,0.23,$78.20 ,$78.20 ,Successful,2/11/2014,,TF-312-007,,,Money Order,"$3,000 ",$0.00 ,$261.80 ,Enterprise,0
Canon Digital Camera,80330,DRUG TASK FORCE,2/3/2014,$32.00 ,$0.74 ,0.23,$7.36 ,$7.36 ,Successful,2/6/2014,,TF-312-037,,,3605696928,"$3,000 ",$0.00 ,$24.64 ,Enterprise,0
Fur Coat,80331,DRUG TASK FORCE,2/3/2014,$330.00 ,$0.00 ,0.23,$75.90 ,$75.90 ,Successful,2/11/2014,,TF-312-047,,,Money Order,"$3,000 ",$0.00 ,$254.10 ,Enterprise,0
Canon Pixma Wireless Printer,80332,DRUG TASK FORCE,2/3/2014,$185.00 ,$4.26 ,0.23,$42.55 ,$42.55 ,Successful,2/6/2014,,TF-312-044,,,3605692616,"$3,000 ",$0.00 ,$142.45 ,Enterprise,0
Conair Steam Cleaner,80333,DRUG TASK FORCE,2/3/2014,$27.00 ,$0.62 ,0.23,$6.21 ,$6.21 ,Successful,2/5/2014,,TF-312-058,,,3605608063,"$3,000 ",$0.00 ,$20.79 ,Enterprise,0
King Size Comforter Set,80334,DRUG TASK FORCE,2/3/2014,$140.02 ,$3.22 ,0.23,$32.20 ,$32.20 ,Successful,2/3/2014,,TF-312-055,,,3605432246,"$3,000 ",$0.00 ,$107.82 ,Enterprise,0
Toshiba Laptop,80335,DRUG TASK FORCE,2/3/2014,$155.00 ,$3.56 ,0.23,$35.65 ,$35.65 ,Successful,2/3/2014,,TF-312-002,,,3605437992,"$3,000 ",$0.00 ,$119.35 ,Enterprise,0
Apple MacBook,80336,DRUG TASK FORCE,2/3/2014,$98.00 ,$0.00 ,0.23,$22.54 ,$22.54 ,Successful,2/3/2014,,TF-312-038,,,Money Order,"$3,000 ",$0.00 ,$75.46 ,Enterprise,0
Thruster Kids Bike,80338,POLICE VEHICLE IMPOUND,2/4/2014,$29.00 ,$0.67 ,0.23,$6.67 ,$6.67 ,Successful,2/5/2014,,IM-111452,,,3605618821,"$3,000 ",$0.00 ,$22.33 ,General Fund,0
Roadmaster 18-speed Bike,80339,POLICE VEHICLE IMPOUND,2/4/2014,$27.00 ,$0.62 ,0.23,$6.21 ,$6.21 ,Successful,2/6/2014,,IM-112305,,,3605692630,"$3,000 ",$0.00 ,$20.79 ,General Fund,0
10 Chairs,80340,NASHVILLE CONVENTION CTR,2/4/2014,$130.00 ,$0.00 ,0.23,$29.90 ,$29.90 ,Successful,2/11/2014,,NCC-74904,,,Cashiers Check,"$3,000 ",$0.00 ,$100.10 ,Enterprise,0
10 Chairs,80341,NASHVILLE CONVENTION CTR,2/4/2014,$99.00 ,$0.00 ,0.23,$22.77 ,$22.77 ,Successful,2/11/2014,,NCC-74903,,,Cashiers Check,"$3,000 ",$0.00 ,$76.23 ,Enterprise,0
10 Chairs,80342,NASHVILLE CONVENTION CTR,2/4/2014,$83.00 ,$0.00 ,0.23,$19.09 ,$19.09 ,Successful,2/11/2014,,NCC-74902,,,Cashiers Check,"$3,000 ",$0.00 ,$63.91 ,Enterprise,0
Round Table,80343,NASHVILLE CONVENTION CTR,2/4/2014,$8.00 ,$0.18 ,0.23,$1.84 ,$1.84 ,Successful,2/5/2014,,NCC-74445,,,3605608080,"$3,000 ",$0.00 ,$6.16 ,Enterprise,0
Round Table,80344,NASHVILLE CONVENTION CTR,2/4/2014,$11.00 ,$0.25 ,0.23,$2.53 ,$2.53 ,Successful,2/5/2014,,NCC-74443,,,3605608091,"$3,000 ",$0.00 ,$8.47 ,Enterprise,0
Bar Stool,80345,NASHVILLE CONVENTION CTR,2/4/2014,$2.00 ,$0.05 ,0.23,$0.46 ,$0.46 ,Successful,2/25/2014,,NCC-74956,,,3607073784,"$3,000 ",$0.00 ,$1.54 ,Enterprise,0
"Panasonic 20"" TV/VCR Combo",80346,WATER SERVICES,2/4/2014,$11.00 ,$0.25 ,0.23,$2.53 ,$2.53 ,Successful,2/4/2014,,WS-74759,,,3605517841,"$3,000 ",$0.00 ,$8.47 ,Enterprise,0
"Dell 17"" Flat Screen Monitor",80347,ITS,2/4/2014,$18.00 ,$0.41 ,0.23,$4.14 ,$4.14 ,Successful,2/4/2014,,75302,,,3605517628,"$3,000 ",$0.00 ,$13.86 ,General Fund,0
"Dell 15"" Flat Screen Monitor",80348,ITS,2/4/2014,$21.00 ,$0.48 ,0.23,$4.83 ,$4.83 ,Successful,2/4/2014,,75295,,,3605547503,"$3,000 ",$0.00 ,$16.17 ,General Fund,0
Assorted Cables,80349,ITS,2/4/2014,$27.00 ,$0.62 ,0.23,$6.21 ,$6.21 ,Successful,2/12/2014,,75294,,,3606121896,"$3,000 ",$0.00 ,$20.79 ,General Fund,0
"Dell 17"" Flat Screen Monitor",80350,FIRE,2/4/2014,$29.00 ,$0.67 ,0.23,$6.67 ,$6.67 ,Successful,2/4/2014,,76679,,,3605527472,"$3,000 ",$0.00 ,$22.33 ,General Fund,0
"Dell 17"" Flat Screen Monitor",80351,FIRE,2/4/2014,$32.00 ,$0.74 ,0.23,$7.36 ,$7.36 ,Successful,2/4/2014,,76678,,,3605527495,"$3,000 ",$0.00 ,$24.64 ,General Fund,0
"Dell 19"" Flat Screen Monitor",80352,FIRE,2/4/2014,$41.00 ,$0.94 ,0.23,$9.43 ,$9.43 ,Successful,2/4/2014,,76681,,,3605527513,"$3,000 ",$0.00 ,$31.57 ,General Fund,0
"Dell 27"" Flat Screen Monitor",80353,FIRE,2/4/2014,$68.00 ,$1.56 ,0.23,$15.64 ,$15.64 ,Successful,2/4/2014,,76677,,,3605514699,"$3,000 ",$0.00 ,$52.36 ,General Fund,0
Dell Optiplex 780 PC,80354,ITS,2/4/2014,$52.00 ,$1.20 ,0.23,$11.96 ,$11.96 ,Successful,2/4/2014,,75613,,,3605517653,"$3,000 ",$0.00 ,$40.04 ,General Fund,0
HP Laser Jet 1320tn,80356,FIRE,2/4/2014,$49.00 ,$1.13 ,0.23,$11.27 ,$11.27 ,Successful,2/4/2014,,76674,,,3605525085,"$3,000 ",$0.00 ,$37.73 ,General Fund,0
HP Laser Jet 1320n,80357,FIRE,2/4/2014,$50.00 ,$1.15 ,0.23,$11.50 ,$11.50 ,Successful,2/4/2014,,76673,,,3605525492,"$3,000 ",$0.00 ,$38.50 ,General Fund,0
Hitachi Multimedia LCD Projector,80358,FIRE,2/4/2014,$103.00 ,$2.37 ,0.23,$23.69 ,$23.69 ,Successful,2/7/2014,,76684,,,3605748684,"$3,000 ",$0.00 ,$79.31 ,General Fund,0
2 Dell Optiplex GX620 PC's,80359,FIRE,2/4/2014,$21.00 ,$0.48 ,0.23,$4.83 ,$4.83 ,Successful,2/4/2014,,"76665, 76666",,,3605514717,"$3,000 ",$0.00 ,$16.17 ,General Fund,0
Dell Laptop,80361,FIRE,2/4/2014,$57.00 ,$1.31 ,0.23,$13.11 ,$13.11 ,Successful,2/13/2014,,76662,,,3606207329,"$3,000 ",$0.00 ,$43.89 ,General Fund,0
Dell Laptop,80362,FIRE,2/4/2014,$55.00 ,$1.26 ,0.23,$12.65 ,$12.65 ,Successful,2/4/2014,,76663,,,3605517669,"$3,000 ",$0.00 ,$42.35 ,General Fund,0
Dell Laptop,80363,FIRE,2/4/2014,$57.00 ,$1.31 ,0.23,$13.11 ,$13.11 ,Successful,2/13/2014,,76664,,,3606207343,"$3,000 ",$0.00 ,$43.89 ,General Fund,0
Canon Image Runner 10231F,80364,HEALTH,2/4/2014,$47.09 ,$1.08 ,0.23,$10.83 ,$10.83 ,Successful,2/13/2014,,74391,,,3606207357,"$3,000 ",$0.00 ,$36.26 ,General Fund,0
2 X-Ray View Boxes,80365,HEALTH,2/4/2014,$28.50 ,$0.66 ,0.23,$6.56 ,$6.56 ,Successful,2/20/2014,,"74393, 74394",,,3606713625,"$3,000 ",$0.00 ,$21.95 ,General Fund,0
Toshiba DVD/VCR Combo,80366,HEALTH,2/4/2014,$37.00 ,$0.85 ,0.23,$8.51 ,$8.51 ,Successful,2/4/2014,,74380,,,3605525733,"$3,000 ",$0.00 ,$28.49 ,General Fund,0
Ricoh Printer,80367,HEALTH,2/4/2014,$4.51 ,$0.10 ,0.23,$1.04 ,$1.04 ,Successful,2/11/2014,,76301,,,3606071363,"$3,000 ",$0.00 ,$3.47 ,General Fund,0
HP Laser Jet 4Plus,80368,HEALTH,2/4/2014,$1.00 ,$0.02 ,0.23,$0.23 ,$0.23 ,Successful,2/4/2014,,76305,,,3605524559,"$3,000 ",$0.00 ,$0.77 ,General Fund,0
Dell Optiplex 760,80369,ECD COMMUNICATIONS,2/4/2014,$20.01 ,$0.00 ,0.23,$4.60 ,$4.60 ,Successful,2/12/2014,,ECD-76135,,,Money Order,"$3,000 ",$0.00 ,$15.41 ,Enterprise,0
Dell Optiplex 760,80370,ECD COMMUNICATIONS,2/4/2014,$26.01 ,$0.00 ,0.23,$5.98 ,$5.98 ,Successful,2/12/2014,,ECD-76128,,,Money Order,"$3,000 ",$0.00 ,$20.03 ,Enterprise,0
Dell Optiplex 760,80371,ECD COMMUNICATIONS,2/4/2014,$24.00 ,$0.00 ,0.23,$5.52 ,$5.52 ,Successful,2/12/2014,,ECD-76132,,,Money Order,"$3,000 ",$0.00 ,$18.48 ,Enterprise,0
Dell Optiplex 760,80372,ECD COMMUNICATIONS,2/4/2014,$37.01 ,$0.85 ,0.23,$8.51 ,$8.51 ,Successful,2/4/2014,,ECD-76126,,,3605527536,"$3,000 ",$0.00 ,$28.50 ,Enterprise,0
Dell Optiplex 760,80373,ECD COMMUNICATIONS,2/4/2014,$24.00 ,$0.00 ,0.23,$5.52 ,$5.52 ,Successful,2/12/2014,,ECD-76129,,,Money Order,"$3,000 ",$0.00 ,$18.48 ,Enterprise,0
Dell Optiplex 760,80374,ECD COMMUNICATIONS,2/4/2014,$42.00 ,$0.00 ,0.23,$9.66 ,$9.66 ,Successful,2/12/2014,,ECD-76121,,,Money Order,"$3,000 ",$0.00 ,$32.34 ,Enterprise,0
Dell Optiplex 780,80375,ECD COMMUNICATIONS,2/4/2014,$65.00 ,$1.50 ,0.23,$14.95 ,$14.95 ,Successful,2/4/2014,,ECD-76137,,,3605532233,"$3,000 ",$0.00 ,$50.05 ,Enterprise,0
CLC 24 ft. Ladder,80376,SCHOOL BOARD WAREHOUSE,2/5/2014,$125.01 ,$2.88 ,0.23,$28.75 ,$28.75 ,Successful,2/5/2014,,SBS-6236,,,3605641073,"$3,000 ",$0.00 ,$96.26 ,Enterprise,0
Beverage-Air Milk Cooler,80377,SCHOOL BOARD WAREHOUSE,2/5/2014,$111.01 ,$2.55 ,0.23,$25.53 ,$25.53 ,Successful,2/5/2014,,SBS-6241,,,3605608099,"$3,000 ",$0.00 ,$85.48 ,Enterprise,0
Victory Refrigerator,80378,SCHOOL BOARD WAREHOUSE,2/5/2014,$209.00 ,$4.81 ,0.23,$48.07 ,$48.07 ,Successful,2/5/2014,,SBS-6244,,,3605608118,"$3,000 ",$0.00 ,$160.93 ,Enterprise,0
Freezer,80379,SCHOOL BOARD WAREHOUSE,2/5/2014,$100.00 ,$2.30 ,0.23,$23.00 ,$23.00 ,Successful,2/6/2014,,SBS-6243,,,3605697038,"$3,000 ",$0.00 ,$77.00 ,Enterprise,0
Victory Freezer,80380,SCHOOL BOARD WAREHOUSE,2/5/2014,$108.00 ,$2.48 ,0.23,$24.84 ,$24.84 ,Successful,2/6/2014,,SBS-6242,,,3605697048,"$3,000 ",$0.00 ,$83.16 ,Enterprise,0
Assorted Lock Sets,80381,SCHOOL BOARD WAREHOUSE,2/5/2014,$435.00 ,$10.00 ,0.23,$100.05 ,$100.05 ,Successful,2/5/2014,,SBS-6239,,,3605596174,"$3,000 ",$0.00 ,$334.95 ,Enterprise,0
3 Pallets of Paint,80382,SCHOOL BOARD WAREHOUSE,2/5/2014,$258.00 ,$0.00 ,0.23,$59.34 ,$59.34 ,Successful,2/13/2014,,SBS-6237,,,Money Order,"$3,000 ",$0.00 ,$198.66 ,Enterprise,0
"Makita 4-1/2"" Grinder",80383,SCHOOL BOARD WAREHOUSE,2/5/2014,$18.00 ,$0.41 ,0.23,$4.14 ,$4.14 ,Successful,2/19/2014,,SBS-6235,,,3606594246,"$3,000 ",$0.00 ,$13.86 ,Enterprise,0
"Black & Decker 10"" Miter Saw",80384,SCHOOL BOARD WAREHOUSE,2/5/2014,$91.88 ,$2.11 ,0.23,$21.13 ,$21.13 ,Successful,2/5/2014,,SBS-6234,,,3605618831,"$3,000 ",$0.00 ,$70.75 ,Enterprise,0
Newton Universal Sander,80385,SCHOOL BOARD WAREHOUSE,2/5/2014,$202.00 ,$4.65 ,0.23,$46.46 ,$46.46 ,Successful,2/6/2014,,SBS-6238,,,3605686814,"$3,000 ",$0.00 ,$155.54 ,Enterprise,0
Apollo Projector Screen,80386,SCHOOL BOARD WAREHOUSE,2/5/2014,$23.00 ,$0.53 ,0.23,$5.29 ,$5.29 ,Successful,2/5/2014,,SBS-6148C,,,3605616574,"$3,000 ",$0.00 ,$17.71 ,Enterprise,0
Apollo Projector Screen,80387,SCHOOL BOARD WAREHOUSE,2/5/2014,$27.00 ,$0.62 ,0.23,$6.21 ,$6.21 ,Successful,2/12/2014,,SBS-6148D,,,3606115239,"$3,000 ",$0.00 ,$20.79 ,Enterprise,0
Apollo Projector Screen,80388,SCHOOL BOARD WAREHOUSE,2/5/2014,$16.00 ,$0.37 ,0.23,$3.68 ,$3.68 ,Successful,2/6/2014,,SBS-6148E,,,3605657985,"$3,000 ",$0.00 ,$12.32 ,Enterprise,0
6 Projector Screens,80389,SCHOOL BOARD WAREHOUSE,2/5/2014,$18.00 ,$0.41 ,0.23,$4.14 ,$4.14 ,Successful,2/6/2014,,SBS-6148F,,,3605681075,"$3,000 ",$0.00 ,$13.86 ,Enterprise,0
Yoga Mat,80421,SHERIFF,2/6/2014,$1.00 ,$0.02 ,0.23,$0.23 ,$0.23 ,Successful,2/18/2014,,75888,,,3606525605,"$3,000 ",$0.00 ,$0.77 ,General Fund,0
Duo-Fast Finish Nailer,80390,SCHOOL BOARD WAREHOUSE,2/5/2014,$34.01 ,$0.78 ,0.23,$7.82 ,$7.82 ,Successful,2/6/2014,,SBS-6231A,,,3605714332,"$3,000 ",$0.00 ,$26.19 ,Enterprise,0
Sunglasses,80391,DRUG TASK FORCE,2/4/2014,$32.00 ,$0.74 ,0.23,$7.36 ,$7.36 ,Successful,2/21/2014,,TF-311-033O,,,3606790510,"$3,000 ",$0.00 ,$24.64 ,Enterprise,0
Sunglasses,80392,DRUG TASK FORCE,2/4/2014,$10.00 ,$0.00 ,0.23,$2.30 ,$2.30 ,Successful,2/6/2014,,TF-311-033P,,,Money Order,"$3,000 ",$0.00 ,$7.70 ,Enterprise,0
Sunglasses,80393,DRUG TASK FORCE,2/4/2014,$126.00 ,$2.90 ,0.23,$28.98 ,$28.98 ,Successful,2/6/2014,,TF-311-033Q,,,3605686966,"$3,000 ",$0.00 ,$97.02 ,Enterprise,0
Sunglasses,80394,DRUG TASK FORCE,2/6/2014,$5.00 ,$0.12 ,0.23,$1.15 ,$1.15 ,Successful,2/13/2014,,TF-311-033R,,,3606210971,"$3,000 ",$0.00 ,$3.85 ,Enterprise,0
Sunglasses,80396,DRUG TASK FORCE,2/6/2014,$103.00 ,$0.00 ,0.23,$23.69 ,$23.69 ,Successful,2/25/2014,,TF-311-033T,,,Cashiers Check,"$3,000 ",$0.00 ,$79.31 ,Enterprise,0
Sunglasses,80397,DRUG TASK FORCE,2/10/2014,$16.00 ,$0.37 ,0.23,$3.68 ,$3.68 ,Successful,2/10/2014,,TF-311-033U,,,3605946817,"$3,000 ",$0.00 ,$12.32 ,Enterprise,0
Sunglasses,80398,DRUG TASK FORCE,2/10/2014,$21.00 ,$0.48 ,0.23,$4.83 ,$4.83 ,Successful,2/13/2014,,TF-311-033V,,,3606193195,"$3,000 ",$0.00 ,$16.17 ,Enterprise,0
Eyeglasses,80399,DRUG TASK FORCE,2/10/2014,$7.00 ,$0.16 ,0.23,$1.61 ,$1.61 ,Successful,2/13/2014,,TF-311-033W,,,3606207478,"$3,000 ",$0.00 ,$5.39 ,Enterprise,0
Macro Pick-a-Pak,80400,SCHOOL BOARD WAREHOUSE,2/5/2014,$26.01 ,$0.60 ,0.23,$5.98 ,$5.98 ,Successful,2/5/2014,,SBS-6231B,,,3605618842,"$3,000 ",$0.00 ,$20.03 ,Enterprise,0
Milwaukee 12v Reciprocating Saw,80402,SCHOOL BOARD WAREHOUSE,2/5/2014,$16.52 ,$0.38 ,0.23,$3.80 ,$3.80 ,Successful,2/5/2014,,SBS-6231D,,,3605598141,"$3,000 ",$0.00 ,$12.72 ,Enterprise,0
Milwaukee 18v Sawzall,80404,SCHOOL BOARD WAREHOUSE,2/5/2014,$11.01 ,$0.25 ,0.23,$2.53 ,$2.53 ,Successful,2/12/2014,,SBS-6231F,,,3606110337,"$3,000 ",$0.00 ,$8.48 ,Enterprise,0
Bosch Roto Hammer,80405,SCHOOL BOARD WAREHOUSE,2/5/2014,$24.00 ,$0.55 ,0.23,$5.52 ,$5.52 ,Successful,2/10/2014,,SBS-6231G,,,3605918797,"$3,000 ",$0.00 ,$18.48 ,Enterprise,0
2 DeWalt 18v Batteries w/Charger,80406,SCHOOL BOARD WAREHOUSE,2/5/2014,$54.01 ,$1.24 ,0.23,$12.42 ,$12.42 ,Successful,2/18/2014,,SBS-6231H,,,3606503563,"$3,000 ",$0.00 ,$41.59 ,Enterprise,0
Datamation Systems Laptop Cart,80407,SCHOOL BOARD WAREHOUSE,2/5/2014,$58.00 ,$1.33 ,0.23,$13.34 ,$13.34 ,Successful,2/5/2014,,SBS-6246,,,3605600495,"$3,000 ",$0.00 ,$44.66 ,Enterprise,0
25 Texas Instruments Calculators,80408,SCHOOL BOARD WAREHOUSE,2/5/2014,$236.99 ,$5.45 ,0.23,$54.51 ,$54.51 ,Successful,2/11/2014,,SBS-6157,,,3606071367,"$3,000 ",$0.00 ,$182.48 ,Enterprise,0
Haier Compact Refrigerator,80409,SCHOOL BOARD WAREHOUSE,2/5/2014,$33.00 ,$0.76 ,0.23,$7.59 ,$7.59 ,Successful,2/6/2014,,SBS-6233,,,3605663237,"$3,000 ",$0.00 ,$25.41 ,Enterprise,0
1 Pallet of Poster Board,80410,SCHOOL BOARD WAREHOUSE,2/5/2014,$160.00 ,$3.68 ,0.23,$36.80 ,$36.80 ,Successful,2/5/2014,,SBS-5643L,,,3605621888,"$3,000 ",$0.00 ,$123.20 ,Enterprise,0
1 Pallet of Poster Board,80411,SCHOOL BOARD WAREHOUSE,2/5/2014,$56.50 ,$1.30 ,0.23,$13.00 ,$13.00 ,Successful,2/5/2014,,SBS-5643M,,,3605632706,"$3,000 ",$0.00 ,$43.51 ,Enterprise,0
3 AV Carts,80412,SHERIFF,2/6/2014,$146.52 ,$3.37 ,0.23,$33.70 ,$33.70 ,Successful,2/12/2014,,"75874, 75875, 75877",,,3606115256,"$3,000 ",$0.00 ,$112.82 ,General Fund,0
2 AV Carts,80413,SHERIFF,2/6/2014,$52.00 ,$1.20 ,0.23,$11.96 ,$11.96 ,Successful,2/9/2014,,"75880, 75878",,,3605896290,"$3,000 ",$0.00 ,$40.04 ,General Fund,0
10 Film Reels,80416,SHERIFF,2/6/2014,$42.00 ,$0.97 ,0.23,$9.66 ,$9.66 ,Successful,2/6/2014,,75889,,,3605677929,"$3,000 ",$0.00 ,$32.34 ,General Fund,0
2005 John Deere Zero Turn Mower,80417,OFM-PARKS,2/6/2014,$725.01 ,$0.00 ,0.23,$166.75 ,$166.75 ,Successful,2/10/2014,80003407,,29 5289,,Cashiers Check,"$3,000 ",$0.00 ,$558.26 ,Enterprise,0
1966 Buick LeSabre,80418,DRUG TASK FORCE,2/6/2014,"$1,078.00 ",$0.00 ,0.23,$247.94 ,$247.94 ,Successful,2/6/2014,,TF-311-069,,904474,Money Order,"$3,000 ",$95.00 ,$735.06 ,Enterprise,0
2001 Chevrolet Tahoe,80419,POLICE STATE DRUG FUND,2/6/2014,"$1,826.57 ",$0.00 ,0.23,$420.11 ,$420.11 ,Successful,2/12/2014,,,,1023149,Cashiers Check,"$3,000 ",$135.00 ,"$1,271.46 ",Enterprise,0
2004 Chrysler Pacifica,80420,POLICE STATE DRUG FUND,2/6/2014,"$3,025.01 ",$69.58 ,0.23,$695.75 ,$695.75 ,Successful,2/18/2014,,,,138112,3606526482,"$3,000 ",$145.00 ,"$2,184.26 ",Enterprise,0
3 Easels,80422,SHERIFF,2/6/2014,$25.01 ,$0.58 ,0.23,$5.75 ,$5.75 ,Successful,2/6/2014,,"75885, 75886, 75887",,,3605695103,"$3,000 ",$0.00 ,$19.26 ,General Fund,0
IT Rack,80423,HEALTH,2/6/2014,$11.50 ,$0.26 ,0.23,$2.65 ,$2.65 ,Successful,2/12/2014,,76603,,,3606115272,"$3,000 ",$0.00 ,$8.86 ,General Fund,0
8 Cell Phones,80424,ECD COMMUNICATIONS,2/6/2014,$79.35 ,$1.83 ,0.23,$18.25 ,$18.25 ,Successful,2/20/2014,,ECD-76152A,,,3606745770,"$3,000 ",$0.00 ,$61.10 ,Enterprise,0
13 Cell Phones,80425,ECD COMMUNICATIONS,2/6/2014,$83.05 ,$0.00 ,0.23,$19.10 ,$19.10 ,Successful,2/13/2014,,ECD-76152B,,,Cashiers Check,"$3,000 ",$0.00 ,$63.95 ,Enterprise,0
Dell Computer,80426,ECD COMMUNICATIONS,2/6/2014,$27.00 ,$0.00 ,0.23,$6.21 ,$6.21 ,Successful,2/12/2014,,ECD-76123,,,Money Order,"$3,000 ",$0.00 ,$20.79 ,Enterprise,0
Dell Computer,80427,ECD COMMUNICATIONS,2/6/2014,$34.03 ,$0.00 ,0.23,$7.83 ,$7.83 ,Successful,2/12/2014,,ECD-76130,,,Money Order,"$3,000 ",$0.00 ,$26.20 ,Enterprise,0
Dell Computer,80428,ECD COMMUNICATIONS,2/6/2014,$30.03 ,$0.69 ,0.23,$6.91 ,$6.91 ,Successful,2/6/2014,,ECD-76133,,,3605676060,"$3,000 ",$0.00 ,$23.12 ,Enterprise,0
Dell Computer,80429,ECD COMMUNICATIONS,2/6/2014,$25.51 ,$0.00 ,0.23,$5.87 ,$5.87 ,Successful,2/12/2014,,ECD-76124,,,Money Order,"$3,000 ",$0.00 ,$19.64 ,Enterprise,0
Dell Computer,80430,ECD COMMUNICATIONS,2/6/2014,$25.51 ,$0.00 ,0.23,$5.87 ,$5.87 ,Successful,2/12/2014,,ECD-76122,,,Money Order,"$3,000 ",$0.00 ,$19.64 ,Enterprise,0
Dell Computer,80431,ECD COMMUNICATIONS,2/6/2014,$41.00 ,$0.00 ,0.23,$9.43 ,$9.43 ,Successful,2/12/2014,,ECD-76125,,,Money Order,"$3,000 ",$0.00 ,$31.57 ,Enterprise,0
Dell Computer,80432,ECD COMMUNICATIONS,2/6/2014,$45.00 ,$1.04 ,0.23,$10.35 ,$10.35 ,Successful,2/13/2014,,ECD-76131,,,3606209191,"$3,000 ",$0.00 ,$34.65 ,Enterprise,0
Dell Computer,80433,ECD COMMUNICATIONS,2/6/2014,$27.51 ,$0.63 ,0.23,$6.33 ,$6.33 ,Successful,2/13/2014,,ECD-76136,,,3606209202,"$3,000 ",$0.00 ,$21.18 ,Enterprise,0
Dell Computer,80434,ECD COMMUNICATIONS,2/6/2014,$42.00 ,$0.00 ,0.23,$9.66 ,$9.66 ,Successful,2/12/2014,,ECD-76127,,,Money Order,"$3,000 ",$0.00 ,$32.34 ,Enterprise,0
Dell Computer,80435,ECD COMMUNICATIONS,2/6/2014,$43.51 ,$1.00 ,0.23,$10.01 ,$10.01 ,Successful,2/13/2014,,ECD-76134,,,3606209210,"$3,000 ",$0.00 ,$33.50 ,Enterprise,0
PC Accessories,80436,ECD COMMUNICATIONS,2/6/2014,$57.00 ,$0.00 ,0.23,$13.11 ,$13.11 ,Successful,2/10/2014,,"ECD-76151, ECD-76153",,,Money Order,"$3,000 ",$0.00 ,$43.89 ,Enterprise,0
Dell Laptop,80437,ITS,2/6/2014,$47.00 ,$1.08 ,0.23,$10.81 ,$10.81 ,Successful,2/6/2014,,75408,,,3605684321,"$3,000 ",$0.00 ,$36.19 ,General Fund,0
Dell Laptop,80438,ITS,2/6/2014,$68.00 ,$1.56 ,0.23,$15.64 ,$15.64 ,Successful,2/6/2014,,75416,,,3605681825,"$3,000 ",$0.00 ,$52.36 ,General Fund,0
Dell Laptop,80439,ITS,2/6/2014,$47.00 ,$1.08 ,0.23,$10.81 ,$10.81 ,Successful,2/6/2014,,75418,,,3605684332,"$3,000 ",$0.00 ,$36.19 ,General Fund,0
Dell Laptop,80440,ITS,2/6/2014,$155.00 ,$3.56 ,0.23,$35.65 ,$35.65 ,Successful,2/6/2014,,75186,,,3605681843,"$3,000 ",$0.00 ,$119.35 ,General Fund,0
Dell Laptop,80442,ITS,2/6/2014,$62.00 ,$1.43 ,0.23,$14.26 ,$14.26 ,Successful,2/18/2014,,75188,,,3606543907,"$3,000 ",$0.00 ,$47.74 ,General Fund,0
Dell Laptop,80443,ITS,2/6/2014,$62.00 ,$1.43 ,0.23,$14.26 ,$14.26 ,Successful,2/18/2014,,75434,,,3606543921,"$3,000 ",$0.00 ,$47.74 ,General Fund,0
Dell Laptop,80444,ITS,2/6/2014,$51.00 ,$1.17 ,0.23,$11.73 ,$11.73 ,Successful,2/6/2014,,75438,,,3605684353,"$3,000 ",$0.00 ,$39.27 ,General Fund,0
Dell Laptop,80445,ITS,2/6/2014,$145.00 ,$3.34 ,0.23,$33.35 ,$33.35 ,Successful,2/18/2014,,75279,,,3606544717,"$3,000 ",$0.00 ,$111.65 ,General Fund,0
Dell Laptop,80446,ITS,2/6/2014,$47.26 ,$1.09 ,0.23,$10.87 ,$10.87 ,Successful,2/18/2014,,74561,,,3606520071,"$3,000 ",$0.00 ,$36.39 ,General Fund,0
Dell Laptop,80448,ITS,2/10/2014,$27.00 ,$0.62 ,0.23,$6.21 ,$6.21 ,Successful,2/12/2014,,59577,,,3606167229,"$3,000 ",$0.00 ,$20.79 ,General Fund,0
Dell Laptop,80449,ITS,2/10/2014,$54.43 ,$1.25 ,0.23,$12.52 ,$12.52 ,Successful,2/12/2014,,59582,,,3606167235,"$3,000 ",$0.00 ,$41.91 ,General Fund,0
Fujitsu Life Book,80450,ITS,2/10/2014,$6.00 ,$0.14 ,0.23,$1.38 ,$1.38 ,Successful,2/13/2014,,74537,,,3606177941,"$3,000 ",$0.00 ,$4.62 ,General Fund,0
Metal Credenza,80451,POLICE STATE DRUG FUND,2/10/2014,$19.00 ,$0.44 ,0.23,$4.37 ,$4.37 ,Successful,2/10/2014,31740201.51,PSDF-73601,,,3605936515,"$3,000 ",$0.00 ,$14.63 ,Enterprise,0
Chair,81044,HEALTH,3/13/2014,$1.00 ,$0.02 ,0.23,$0.23 ,$0.23 ,Successful,3/31/2014,,78066,,,3609947933,"$3,000 ",$0.00 ,$0.77 ,General Fund,0
"Dell 17"" Flat Screen Monitor",80452,POLICE DEPARTMENT,2/10/2014,$4.00 ,$0.09 ,0.23,$0.92 ,$0.92 ,Successful,2/15/2014,,50208,,,3606355808,"$3,000 ",$0.00 ,$3.08 ,General Fund,0
Landau File Cabinet,80454,POLICE DEPARTMENT,2/10/2014,$25.00 ,$0.58 ,0.23,$5.75 ,$5.75 ,Successful,2/10/2014,,74720,,,3605936537,"$3,000 ",$0.00 ,$19.25 ,General Fund,0
Frigidaire Washer/Dryer Combo,80455,METRO ACTION,2/10/2014,$12.00 ,$0.00 ,0.23,$2.76 ,$2.76 ,Successful,2/10/2014,,MAC-74084,,,Money Order,"$3,000 ",$0.00 ,$9.24 ,Enterprise,0
"Dell 17"" Flat Screen Monitor",80457,HEALTH,2/10/2014,$13.00 ,$0.30 ,0.23,$2.99 ,$2.99 ,Successful,2/18/2014,,56741,,,3606544729,"$3,000 ",$0.00 ,$10.01 ,General Fund,0
1995 Dodge Ram 1500,80458,POLICE STATE DRUG FUND,2/6/2014,$876.00 ,$0.00 ,0.23,$201.48 ,$201.48 ,Successful,2/10/2014,,,,1070337,Cashiers Check,"$3,000 ",$135.00 ,$539.52 ,Enterprise,0
2000 Pontiac Grand Prix,80459,POLICE STATE DRUG FUND,2/6/2014,$431.00 ,$0.00 ,0.23,$99.13 ,$99.13 ,Successful,2/12/2014,,,,1065662,Money Order,"$3,000 ",$135.00 ,$196.87 ,Enterprise,0
1993 Ford Ranger,80460,POLICE STATE DRUG FUND,2/6/2014,$915.00 ,$21.04 ,0.23,$210.45 ,$210.45 ,Successful,2/21/2014,,,,110560,3606777650,"$3,000 ",$135.00 ,$569.55 ,Enterprise,0
1996 Jeep Grand Cherokee,80461,POLICE STATE DRUG FUND,2/6/2014,$555.00 ,$0.00 ,0.23,$127.65 ,$127.65 ,Successful,2/6/2014,,,,967866,Cashiers Check,"$3,000 ",$135.00 ,$292.35 ,Enterprise,0
1995 Lexus LS400,80462,POLICE STATE DRUG FUND,2/6/2014,$615.00 ,$0.00 ,0.23,$141.45 ,$141.45 ,Successful,2/13/2014,,IM-1065664,,1065663,Money Order,"$3,000 ",$270.00 ,$203.55 ,Enterprise,0
1995 Mazda Miata Convertible,80463,POLICE STATE DRUG FUND,2/6/2014,"$1,075.00 ",$0.00 ,0.23,$247.25 ,$247.25 ,Successful,2/6/2014,,,,127731,Cashiers Check,"$3,000 ",$145.00 ,$682.75 ,Enterprise,0
2010 Nissan Altima,80464,POLICE STATE DRUG FUND,2/6/2014,"$12,600.00 ",$0.00 ,0.23,"$2,898.00 ","$2,898.00 ",Successful,2/11/2014,,,,1074931,Cashiers Check,"$3,000 ",$95.00 ,"$9,607.00 ",Enterprise,0
"Snapper 21"" Self-Propelled Mower",80465,HEALTH,2/10/2014,$52.00 ,$1.20 ,0.23,$11.96 ,$11.96 ,Successful,2/20/2014,,76054,,,3606712438,"$3,000 ",$0.00 ,$40.04 ,General Fund,0
"Snapper 21"" Self-Propelled Mower",80466,HEALTH,2/10/2014,$48.01 ,$1.10 ,0.23,$11.04 ,$11.04 ,Successful,2/20/2014,,76055,,,3606712455,"$3,000 ",$0.00 ,$36.97 ,General Fund,0
Poulan Chainsaw,80467,HEALTH,2/10/2014,$81.02 ,$1.86 ,0.23,$18.63 ,$18.63 ,Successful,2/10/2014,,76605,,,3605939824,"$3,000 ",$0.00 ,$62.39 ,General Fund,0
HP Laser Jet 4100n,80468,PUBLIC WORKS,2/10/2014,$30.00 ,$0.69 ,0.23,$6.90 ,$6.90 ,Successful,2/17/2014,,75060,,,3606480363,"$3,000 ",$0.00 ,$23.10 ,General Fund,0
Sony Cybershot Digital Camera,80469,PUBLIC WORKS,2/10/2014,$47.00 ,$1.08 ,0.23,$10.81 ,$10.81 ,Successful,2/10/2014,,75051,,,3605952019,"$3,000 ",$0.00 ,$36.19 ,General Fund,0
Sony Digital Camera,80470,PUBLIC WORKS,2/10/2014,$40.00 ,$0.92 ,0.23,$9.20 ,$9.20 ,Successful,2/10/2014,,75050,,,3605952034,"$3,000 ",$0.00 ,$30.80 ,General Fund,0
